CD_SAMPLER;CD;A-Ha;Sun Always Shines On TV, The;SOFT ROCK  (Collection);1;85;ROCK;
CD_SAMPLER;CD;ABC;All of My Heart;ROCK GROUPS (Collect.);2;82;ROCK;
CD_SAMPLER;CD;ABC;Look of Love, The;SOFT ROCK  (Collection);1;81;ROCK;
CD_SAMPLER;CD;Ace Of Base;Life Is A Flower;Chart;;;;
CD_SAMPLER;CD;Air Supply;All out of Love;NIGHT ROCK (Collection);1;80;ROCK;
CD_SAMPLER;CD;Air Supply;Lost In Live;SOFT ROCK  (Collection);1;80;ROCK;
CD_SAMPLER;CD;Allison, Bernhard;Woman Named Trouble;Southern Blues;2;;New-Blues;
CD_SAMPLER;CD;Allman, Brothers Band, The;Gambler's Roll;Southern Blues;2;;New-Blues;
CD_SAMPLER;CD;Allman, Greg Band, The;Demons;Southern Blues;2;;New-Blues;
CD_SAMPLER;CD;Almaas, Steve & Smith, Ali;lonely Sea, The;Mojo;;2006;Surf;
CD_SAMPLER;CD;Altizer, Rick;Sur's Up;Making God Smile;;2002;;
CD_SAMPLER;CD;Aluminium Group, The;Caroline, No;Caroline Now!;;;Jazz;
CD_SAMPLER;CD;America;Horse with no Name;ROCK GROUPS (Collect.);1;72;ROCK;
CD_SAMPLER;CD;America;Ventura Highway;SOFT ROCK  (Collection);2;72;ROCK;
CD_SAMPLER;CD;American Spring;Fallin' in Love;Pet Projects;;73;Surf;
CD_SAMPLER;CD;American Spring;Shyin' Away;Pet Projects;;73;Surf;
CD_SAMPLER;CD;Ames Brothers, The;Music Music Music;Pop Radio;;1950;Pop;
CD_SAMPLER;CD;Ammons, Gene;Blue Gene;Somethin' Jazz;;;Jazz;
CD_SAMPLER;CD;Anderson, Lynn;Blue Bayou;Country Gold;;;Country;
CD_SAMPLER;CD;Anderson, Thomas;Old Patterson Place, The;Southern Blues;2;;New-Blues;
CD_SAMPLER;CD;Andrews Sisters, The;Shortenin' Bread;Magic Radio;;38;Swing;
CD_SAMPLER;CD;Andrews Sisters, The;Wedding OfLili Marlene, The;Music Of My Life;4;49;Pop;
CD_SAMPLER;CD;Angels, The;Open Up Your Heart;GEE Story;1;;R & B;
CD_SAMPLER;CD;Anka, Paul;Sinnlose Tränen;1000 Nadelstiche;;66;HighSchool;
CD_SAMPLER;CD;Anthony, Ray;At Last;Millennium;1;52;Orchester;
CD_SAMPLER;CD;Anthony, Ray (Orchestra);A Dreamer's Holiday;Music Of My Life;4;49;Pop;
CD_SAMPLER;CD;Apples In Stereo;Submarine Dream;Mojo;;2000;Surf;
CD_SAMPLER;CD;Argent;Hold your Head Up;LEGENDARY ROCK (Coll.);2;72;ROCK;
CD_SAMPLER;CD;Armatrading, Joan;Love and Affection;SOFT ROCK  (Collection);2;76;ROCK;
CD_SAMPLER;CD;Armstrong, Louis;Mack the Knife;Jazz Session;;;Jazz;
CD_SAMPLER;CD;Armstrong, Louis & His All-Stars;Tin Roof Blues;Southern Blues;1;;Club Sound;
CD_SAMPLER;CD;Arnold, Eddy;Echo Of Your Footsteps, The;Music Of My Life;4;49;Country;
CD_SAMPLER;CD;Arnold, Eddy;Many Tears Ago;Music Of My Life;3;49;Country;
CD_SAMPLER;CD;Arnold, Eddy;Show Me The Way Back To Your Heart;Music Of My Life;4;49;Country;
CD_SAMPLER;CD;Arnold, Eddy;There's Not A Thing;Music Of My Life;3;49;Country;
CD_SAMPLER;CD;Arnold, P.P.;God Only Knows;Dumb;;;Surf;
CD_SAMPLER;CD;Astronauts, The;'55 Bird;Surf Party;;;Surf;
CD_SAMPLER;CD;Astronauts, The;Competition Coupe;Surf Party;;;Surf;
CD_SAMPLER;CD;Astronauts, The;Little Ford Ragtop;Surf Party;;;Surf;
CD_SAMPLER;CD;Astronauts, The;Pipeline;Surf Party;;;Surf;
CD_SAMPLER;CD;Astronauts, The;Surfin' USA;Surf Party;;;Surf;
CD_SAMPLER;CD;Avalon, Frankie;Muscle Beach Party;Surfin' USA;;;Surf;
CD_SAMPLER;CD;Avalon, Frankie;Runnin' Wild;Brian Wilson 17;;;Surf;
CD_SAMPLER;CD;Bachmann-Turner Overd.;You ain't Seen nothin' Yet;LEGENDARY ROCK (Coll.);2;74;ROCK;
CD_SAMPLER;CD;Bad Boys Blue;You're A Woman '98;Chart;;;PopReggae;
CD_SAMPLER;CD;Baker, Chet;Alone Together;Hitze;;;Blues;
CD_SAMPLER;CD;Baker, LaVern;Jump into the Fire;Nilsson;;;Rock;
CD_SAMPLER;CD;Ball, Kenny & His Jazzmen;Midnight in Moscow;Jazz Session;;;Jazz;
CD_SAMPLER;CD;Bananarama;Na Na Hey Hey Kiss Him Goodbye;ROCK GROUPS (Collect.);2;83;ROCK;
CD_SAMPLER;CD;Band, The;Night They Drove Old Dixie Down, The;Southern Blues;1;;Club Sound;
CD_SAMPLER;CD;Band, The;Rag Mama Rag;LEGENDARY ROCK (Coll.);1;70;ROCK;
CD_SAMPLER;CD;Bangles, The;Eternal Flame;SOFT ROCK  (Collection);1;89;ROCK;
CD_SAMPLER;CD;Barber, Chris;Down By the Riverside;Jazz Session;;;Jazz;
CD_SAMPLER;CD;Bare, Bobby;500 Miles Away From Home;Country Gold;;;Country;
CD_SAMPLER;CD;Bare, Bobby;Miller's Cave;Country Gold;;;Country;
CD_SAMPLER;CD;Barone, Richard;I Guess the Lord.....;Nilsson;;;Rock;
CD_SAMPLER;CD;Barracudas, The;His Last Summer;Mojo;;2000;Surf;
CD_SAMPLER;CD;Barrie, J.J.;No Charge;Country Gold;;;Country;
CD_SAMPLER;CD;Basie, Count;Swinging the Blues;Jazz Session;;;Jazz;
CD_SAMPLER;CD;Baxter, Les & Orchestra;April in Portugal;Millennium;2;53;Instr.;
CD_SAMPLER;CD;Baxter, Les & Orchestra;Blue Tango;Millennium;2;52;Instr.;
CD_SAMPLER;CD;Beach Boy, The;Ganz allein;1000 Nadelstiche;;63;Surf;
CD_SAMPLER;CD;Beach Boy, The;Good Vibrations;Biggest Hits Live USA;;;Surf;
CD_SAMPLER;CD;Beach Boy, The;Kokomo;Cocktail;;;Surf;
CD_SAMPLER;CD;Beach Boys, The;Barbie;BB and J&D;;;Surf;
CD_SAMPLER;CD;Beach Boys, The;Beach Boys Stomp;BB and J&D;;;Surf;
CD_SAMPLER;CD;Beach Boys, The;Fun Fun Fun;Surf Party;;;Surf;
CD_SAMPLER;CD;Beach Boys, The;Hang on to your Ego;Mojo;;90;Surf;
CD_SAMPLER;CD;Beach Boys, The;Hawaii;Surf Party;;;Surf;
CD_SAMPLER;CD;Beach Boys, The;In My Room;Surf Party;;;Surf;
CD_SAMPLER;CD;Beach Boys, The;Judy;BB and J&D;;;Surf;
CD_SAMPLER;CD;Beach Boys, The;Little Deuce Coupe;Surf Party;;;Surf;
CD_SAMPLER;CD;Beach Boys, The;Luau;BB and J&D;;;Surf;
CD_SAMPLER;CD;Beach Boys, The;Surfer Girl;BB and J&D;;;Surf;
CD_SAMPLER;CD;Beach Boys, The;Surfer Girl;Surf Party;;;Surf;
CD_SAMPLER;CD;Beach Boys, The;Surfer Girl;Surfin' USA;;63;Surf;
CD_SAMPLER;CD;Beach Boys, The;Surfer Girl;Surfing America;;;Surf;
CD_SAMPLER;CD;Beach Boys, The;Surfin';BB and J&D;;;Surf;
CD_SAMPLER;CD;Beach Boys, The;Surfin';Surfing America;;;Surf;
CD_SAMPLER;CD;Beach Boys, The;Surfin' Safari;BB and J&D;;;Surf;
CD_SAMPLER;CD;Beach Boys, The;Surfin' Safari;Surf Party;;;Surf;
CD_SAMPLER;CD;Beach Boys, The;Surfin' Safari;Surfin' USA;;62;Surf;
CD_SAMPLER;CD;Beach Boys, The;Surfin' Safari;Surfing America;;;Surf;
CD_SAMPLER;CD;Beach Boys, The;Surfin' USA;Surfin' USA;;63;Surf;
CD_SAMPLER;CD;Beach Boys, The;What is a Young Girl Made Of;BB and J&D;;;Surf;
CD_SAMPLER;CD;Beastie Boys;Nothing To Say;MOM 3;;;Crossover;
CD_SAMPLER;CD;Beatles, The;Twist and Shout;Biggest Hits Live USA;;;Beat;
CD_SAMPLER;CD;Beck;Electric Music;MOM 3;;;;
CD_SAMPLER;CD;Beck, Jeff;Hi-Ho Silver Lining;LEGENDARY ROCK (Coll.);2;67;ROCK;
CD_SAMPLER;CD;Beckley / Lamm / Wilson, Carl;Without Her;Nilsson;;;Rock;
CD_SAMPLER;CD;Bee Gees, The;Tragedy;ROCK GROUPS (Collect.);2;79;ROCK;
CD_SAMPLER;CD;Belew, Adrian;Me and my Arrow;Nilsson;;;Rock;
CD_SAMPLER;CD;Bendix, Ralf;Der große Treck nach Idaho;Cash / Gabriel;;63;Country;
CD_SAMPLER;CD;Bennett, Tony;Because of You;Pop Radio;;1951;Pop;
CD_SAMPLER;CD;Bennett, Tony;Col Cold Heart;Pop Radio;;1951;Pop;
CD_SAMPLER;CD;Benny;Michael, Marc und Christian;1000 Nadelstiche;;66;Pop;
CD_SAMPLER;CD;Berry, Chuck;Maybelline;Burnt by Rock'n Roll;;;R&R;
CD_SAMPLER;CD;Berry, Chuck;Rock 'n' Roll Music;Magic Radio;;57;R&R;
CD_SAMPLER;CD;Berry, Chuck;Sweet Little Sixteen;Magic Radio;;59;R&R;
CD_SAMPLER;CD;Betts, Dickey & Great Southern;Mr. Blues Man;Southern Blues;2;;New-Blues;
CD_SAMPLER;CD;Big Daddy (Frankie Brunson);Where in the World;GEE Story;2;;R & B;
CD_SAMPLER;CD;Big Daddy (Frankie Brunson);You're Mine;GEE Story;2;;R & B;
CD_SAMPLER;CD;Bilk. Acker Mr.;Da Da Strain;Jazz Session;;;Jazz;
CD_SAMPLER;CD;Black Sabbath;Paranoid;ROCK HEROES (Collect.);1;77;ROCK;
CD_SAMPLER;CD;Blades, Carol;What Did I Do Wrong;GEE Story;2;;R & B;
CD_SAMPLER;CD;Blake, Johnny & The Clippers;Bella Marie;GEE Story;2;;R & B;
CD_SAMPLER;CD;Blake, Norman;Only With You;Caroline Now!;;;Jazz;
CD_SAMPLER;CD;Blanc, Mel;I taut I Taw a puddy Tat;Millennium;1;51;;
CD_SAMPLER;CD;Bleyer, Archie;Hernando's Hideaway;Millennium;2;54;Orchester;
CD_SAMPLER;CD;Blood, Sweat and Tears.;Hi-De-Ho;LEGENDARY ROCK (Coll.);2;70;ROCK;
CD_SAMPLER;CD;Blood, Sweat and Tears.;Spinning Wheel;ROCK GROUPS (Collect.);2;69;ROCK;
CD_SAMPLER;CD;Blossoms, The;Things Are Changing;Brian Wilson 18;;;Surf;
CD_SAMPLER;CD;Boettcher, Curt;It's a sad World;Mojo;;2004;Surf;
CD_SAMPLER;CD;Boomtown Rats, The;I Don't Like Mondays;ROCK STARS (Collection);1;79;ROCK;
CD_SAMPLER;CD;Boomtown Rats, The;Someone's Looking at You;ROCK GROUPS (Collect.);2;80;ROCK;
CD_SAMPLER;CD;Boone, Pat;Baby Sonnenschein;1000 Nadelstiche;;63;Pop;
CD_SAMPLER;CD;Boone, Pat;Little Honda;Covered;;64;Pop;
CD_SAMPLER;CD;Boston;More than a Feeling;Biggest Hits Live USA;;;HardRock;
CD_SAMPLER;CD;Boston;More than a Feeling;ROCK GROUPS (Collect.);1;77;HardRock;
CD_SAMPLER;CD;Brahem, Anouar & Surman, John;Houdouth;Maryam;;;Welt;
CD_SAMPLER;CD;Bread;Guitar Man;LEGENDARY ROCK (Coll.);2;72;ROCK;
CD_SAMPLER;CD;Brewer, Teresa;Music Music Music;Pop Radio;;1950;Pop;
CD_SAMPLER;CD;Brickell, Edie & Was;American Popsicle;Wassermann (Trios);;;Blues;
CD_SAMPLER;CD;Brickell, Edie & Was;Zillionaire;Wassermann (Trios);;;Blues;
CD_SAMPLER;CD;Brooks, Elkie;Fool if you Think it's Over;NIGHT ROCK (Collection);1;81;ROCK;
CD_SAMPLER;CD;Broonzy, Bill Big;Merry Go Round Blues;Southern Blues;1;;Club Sound;
CD_SAMPLER;CD;Brown, Charles   (Trio);Trouble Blues;Music Of My Life;3;49;R&B;
CD_SAMPLER;CD;Brown, Junior;409;Stars & Stripes;;;Surf;
CD_SAMPLER;CD;Brown, Roy;Butcher Pete;Music Of My Life;2;49;R&B;
CD_SAMPLER;CD;Brown, Roy;Rainy Weather Blues;Music Of My Life;2;49;R&B;
CD_SAMPLER;CD;Brown, Sawyer;I Get Around;Stars & Stripes;;;Surf;
CD_SAMPLER;CD;Brown, T. Graham;Help Me Rhonda;Stars & Stripes;;;Surf;
CD_SAMPLER;CD;Bruce & Terry;Custom Machine;Covered;;;Surf;
CD_SAMPLER;CD;Buckingham, Lindsey;Trouble;SOFT ROCK  (Collection);1;81;ROCK;
CD_SAMPLER;CD;Buffett, Jimmy;Sea Cruise;MOM 3;;;Rock;
CD_SAMPLER;CD;Burdon, Eric;San Franciscan Nights;ROCK HEROES (Collect.);2;67;ROCK;
CD_SAMPLER;CD;Burger, Rob;Aveenu Malkenu;Maryam;;;Welt;
CD_SAMPLER;CD;Burgess, Sonny;Ain't Got a Thing;SUN Story;;57;R&R;
CD_SAMPLER;CD;Burgess, Sonny;Red Headed Woman;SUN Story;;56;R&R;
CD_SAMPLER;CD;Burrell, Kenny;Soul Call;Somethin' Jazz;;;Jazz;
CD_SAMPLER;CD;Burroughs Group, Clark;'Til I Die;Jazz Portrait;;;Jazz;
CD_SAMPLER;CD;Burroughs Group, Clark;Cabinessence;Jazz Portrait;;;Jazz;
CD_SAMPLER;CD;Burroughs Group, Clark;Can't Wait Too Long;Jazz Portrait;;;Jazz;
CD_SAMPLER;CD;Burroughs Group, Clark;I Went To Sleep;Jazz Portrait;;;Jazz;
CD_SAMPLER;CD;Burroughs Group, Clark;Surf's Up;Jazz Portrait;;;Jazz;
CD_SAMPLER;CD;Butgher, Jon;Crossfire;Hats Off Stevie Ray;;;Bluesrock;
CD_SAMPLER;CD;Butthole  Surfers;Summer in the City;MOM 3;;;Pop;
CD_SAMPLER;CD;Byrds, The;All I Really want to Do;LEGENDARY ROCK (Coll.);2;65;ROCK;
CD_SAMPLER;CD;Byrds, The;Chesnut Mare;ROCK GROUPS (Collect.);2;71;ROCK;
CD_SAMPLER;CD;Byrds, The;Turn! Turn! Turn!;ROCK STARS (Collection);1;65;ROCK;
CD_SAMPLER;CD;Bystanders, The;Little Girl I Once Knew, The;Dumb;;;Surf;
CD_SAMPLER;CD;Cadets Featuring Eileen, The & Noel;Chapel Of Love;Dumb;;;Surf;
CD_SAMPLER;CD;Cale, J.J.;Cocaine;NIGHT ROCK (Collection);1;76;ROCK;
CD_SAMPLER;CD;Calexico;Quattro;Hitze;;;Blues;
CD_SAMPLER;CD;Calvert, Eddie;Oh Mein Papa;Millennium;2;53;Pop;
CD_SAMPLER;CD;Campbell, Glen;Gentle On My Mind;Country Gold;;;Country;
CD_SAMPLER;CD;Campbell, Glen;God Only Knows;Covered;;;Surf;
CD_SAMPLER;CD;Campbell, Glen;Guess I'm Dumb;Brian Wilson 18;;;Surf;
CD_SAMPLER;CD;Campbell, Glen;Guess I'm Dumb;Pet Projects;;65;Surf;
CD_SAMPLER;CD;Campbell, Kate;Add Some Music To Your Day;Making God Smile;;2002;;
CD_SAMPLER;CD;Camping;Busy Doin' Nothin';Caroline Now!;;;Jazz;
CD_SAMPLER;CD;Candela Azul;Juegalo;Chart;;;;
CD_SAMPLER;CD;Canned Heat;Let's work Together;LEGENDARY ROCK (Coll.);2;70;ROCK;
CD_SAMPLER;CD;Cantuaria, Vinicius;Cubanos Pestizos;Maryam;;;Welt;
CD_SAMPLER;CD;Cargill, Henson;Skip A Rope;Country Gold;;;Country;
CD_SAMPLER;CD;Carlton, Larry;I Just Wasn't Made For These Times;Jazz Portrait;;;Instr.;
CD_SAMPLER;CD;Carmen, Eric;All By Myself;NIGHT ROCK (Collection);1;76;ROCK;
CD_SAMPLER;CD;Carnes, Kim;Bette Davis Eyes;NIGHT ROCK (Collection);2;81;ROCK;
CD_SAMPLER;CD;Carrington, Curtis;Timber;GEE Story;2;;R & B;
CD_SAMPLER;CD;Cars, The;Best Friend's Girl, The;ROCK GROUPS (Collect.);2;78;ROCK;
CD_SAMPLER;CD;Cars, The;Drive;NIGHT ROCK (Collection);2;84;ROCK;
CD_SAMPLER;CD;Cars, The;Let's Go;SOFT ROCK  (Collection);1;79;ROCK;
CD_SAMPLER;CD;Carter, Aaron;Surfin' USA;Chart;;;Surf;
CD_SAMPLER;CD;Cash, Johnny;Ballad of A Teenage Queen;SUN Story;;57;R&R;
CD_SAMPLER;CD;Cash, Johnny;Besser so, Jenny-Jo;Cash / Gabriel;;65;Country;
CD_SAMPLER;CD;Cash, Johnny;El Matador;Cash / Gabriel;;95;Spanisch;
CD_SAMPLER;CD;Cash, Johnny;Fuego D'Amor;Cash / Gabriel;;63;Spanisch;
CD_SAMPLER;CD;Cash, Johnny;I Walk the Line;Country Gold;;;Country;
CD_SAMPLER;CD;Cash, Johnny;I Walk the Line;SUN Story;;56;R&R;
CD_SAMPLER;CD;Cash, Johnny;In Virginia;Cash / Gabriel;;65;Country;
CD_SAMPLER;CD;Cash, Johnny;Kleine Rosmarie;Cash / Gabriel;;65;Country;
CD_SAMPLER;CD;Cash, Johnny;Man In Black;Cash / Gabriel;;71;Country;
CD_SAMPLER;CD;Cash, Johnny;Viel zu spät;Cash / Gabriel;;78;Country;
CD_SAMPLER;CD;Cash, Johnny;Wer kennt den Weg;1000 Nadelstiche;;65;Country;
CD_SAMPLER;CD;Cash, Johnny;Wer kennt den Weg;Cash / Gabriel;;65;Country;
CD_SAMPLER;CD;Cash, Johnny;Wo ist zuhause, Mama;Cash / Gabriel;;78;Country;
CD_SAMPLER;CD;Castells, The;I Do;Brian Wilson 17;;;Surf;
CD_SAMPLER;CD;Cavanaugh, David;Hummeltwist;1000 Nadelstiche;;64;Pop;
CD_SAMPLER;CD;Caymmi, Dori;Caroline No;Jazz Portrait;;;Jazz;
CD_SAMPLER;CD;Chaffin, Ernie;Feelin' Low;SUN Story;;57;R&R;
CD_SAMPLER;CD;Challengers, The;Mr. Moto;Surfing America;;;Surf;
CD_SAMPLER;CD;Chantays, The;Pipeline;Surfin' USA;;63;Surf;
CD_SAMPLER;CD;Cherry, Don;Band of Gold;Pop Radio;;1950;Jazz;
CD_SAMPLER;CD;Chicago;Hard to Say I'm Sorry;NIGHT ROCK (Collection);1;82;ROCK;
CD_SAMPLER;CD;Chilton, Alex;I Wanna Pick You Up;Caroline Now!;;;Jazz;
CD_SAMPLER;CD;Chordettes, The;Mister Sandman;Millennium;2;54;Pop;
CD_SAMPLER;CD;Christy, June;My Heart Belongs to only You;Millennium;2;53;Pop;
CD_SAMPLER;CD;Clapton, Eric;I Shot the Sheriff;LEGENDARY ROCK (Coll.);1;82;ROCK;
CD_SAMPLER;CD;Clapton, Eric;Lay Down Sally;SOFT ROCK  (Collection);2;77;ROCK;
CD_SAMPLER;CD;Clapton, Eric;Promises;ROCK STARS (Collection);2;78;ROCK;
CD_SAMPLER;CD;Clapton, Eric;Swing Low Sweet Chariot;ROCK HEROES (Collect.);1;75;ROCK;
CD_SAMPLER;CD;Clapton, Eric;Wonderful Tonight;NIGHT ROCK (Collection);2;77;ROCK;
CD_SAMPLER;CD;Clark, Petula;Downtown;1000 Nadelstiche;;65;Pop;
CD_SAMPLER;CD;Clark, Petula;No Go Showboat (J'ai Pas Les Temps);Dumb;;;french;
CD_SAMPLER;CD;Claypool, Les & Was;Guys Named Schmo;Wassermann (Trios);;;Instr.;
CD_SAMPLER;CD;Cleftones, The;Beginners at Love;GEE Story;2;;R & B;
CD_SAMPLER;CD;Cleftones, The;Heart and Soul;GEE Story;2;;R & B;
CD_SAMPLER;CD;Cleftones, The;Little Girl of Mine;GEE Story;1;;R & B;
CD_SAMPLER;CD;Cleftones, The;Lover Come back to Me;GEE Story;2;;R & B;
CD_SAMPLER;CD;Cleftones, The;You Baby You;GEE Story;1;;R & B;
CD_SAMPLER;CD;Cline, Patsy;I've Loved and lost Again;Country Gold;;;Country;
CD_SAMPLER;CD;Clippers, The;I'm Yours;GEE Story;2;;R & B;
CD_SAMPLER;CD;Clooney, Rosemary;Come-On-A My House;Pop Radio;;1951;Pop;
CD_SAMPLER;CD;Clooney, Rosemary;Half As Much;Pop Radio;;1951;Pop;
CD_SAMPLER;CD;Coasters, The;One Kiss Led To Another;Magic Radio;;56;R&B;
CD_SAMPLER;CD;Cocker, Joe;With a little Help From my Friend;ROCK STARS (Collection);2;68;ROCK;
CD_SAMPLER;CD;Cogan, Alma;Meet me on the Corner;Millennium;1;52;Pop;
CD_SAMPLER;CD;Cogan, Shaye;Ain't Nobody Home;GEE Story;2;;R & B;
CD_SAMPLER;CD;Cohn, Marc;Turn on your Radio;Nilsson;;;Rock;
CD_SAMPLER;CD;Coins, The;Blue, Can't Get no Place With You;GEE Story;1;;R & B;
CD_SAMPLER;CD;Coins, The;Look at me Girl;GEE Story;1;;R & B;
CD_SAMPLER;CD;Cole, Holly;God Only Knows;Bremen;;;Jazz;
CD_SAMPLER;CD;Cole, King (Trio);Route 66;Pop Radio;;1950;PopSwing;
CD_SAMPLER;CD;Cole, Nat King;Mona Lisa;Millennium;1;50;PopSwing;
CD_SAMPLER;CD;Cole, Nat King;Mona Lisa;Pop Radio;;1950;PopSwing;
CD_SAMPLER;CD;Cole, Nat King;Pretend;Millennium;2;53;PopSwing;
CD_SAMPLER;CD;Colman, Dave;Alaska Quinn;1000 Nadelstiche;;68;Pop;
CD_SAMPLER;CD;Coltrane, John;To Young to go Steady;Maryam;;;Welt;
CD_SAMPLER;CD;Como, Perry;A Dreamer's Holiday;Music Of My Life;2;49;Pop;
CD_SAMPLER;CD;Como, Perry;Don't let the Stars Get in your Eyes;Millennium;2;52;Pop;
CD_SAMPLER;CD;Como, Perry;Far Away Places;Music Of My Life;4;49;Pop;
CD_SAMPLER;CD;Como, Perry;Forever And Ever;Music Of My Life;1;49;Pop;
CD_SAMPLER;CD;Como, Perry;I Wanna Go Home With You;Music Of My Life;2;49;Pop;
CD_SAMPLER;CD;Como, Perry;If;Millennium;1;51;Pop;
CD_SAMPLER;CD;Como, Perry;N' Yot N' Yow;Music Of My Life;3;49;Pop;
CD_SAMPLER;CD;Como, Pery;„A“-You're Adorable;Music Of My Life;1;49;Pop;
CD_SAMPLER;CD;Cooder, Ry;All Shook Up;Cocktail;;;R&RRev;
CD_SAMPLER;CD;Costello, Elvis & Burke;Judgement, The;SOLOMON BURKE;;;Soul;
CD_SAMPLER;CD;Costello, Elvis & Was;Put Your Big Toe In the Milk of....;Wassermann (Trios);;;Blues;
CD_SAMPLER;CD;Cowan, John;Don't Leave Me;Nilsson;;;Rock;
CD_SAMPLER;CD;Cowboy Copas;I'm Waltzing With My Eyes;Music Of My Life;1;49;Country;
CD_SAMPLER;CD;Cream;I Feel Free;LEGENDARY ROCK (Coll.);2;66;SuperGroup;
CD_SAMPLER;CD;Creedence Clearwater Revival;Proud Mary;Biggest Hits Live USA;;;CountryRock;
CD_SAMPLER;CD;Crenshaw, Marshall;Don't Forget Me;Nilsson;;;Rock;
CD_SAMPLER;CD;Crosby, Bing;Careless Hands;Music Of My Life;3;49;Pop;
CD_SAMPLER;CD;Crosby, Bing;Dear Hearts and gentle Peoplej;Millennium;1;50;Pop;
CD_SAMPLER;CD;Crosby, Bing;Dear Hearts and Gentle Peoplej;Music Of My Life;2;49;Pop;
CD_SAMPLER;CD;Crosby, Bing;Galway Bay;Music Of My Life;4;49;Pop;
CD_SAMPLER;CD;Crosby, Bing;Riders In the Sky;Music Of My Life;1;49;Pop;
CD_SAMPLER;CD;Crosby, Bing with Basie, Count (Orch.);Gentle On my Mind;Jazz Session;;;Jazz;
CD_SAMPLER;CD;Crows, The;Gee;Magic Radio;;53;Pop;
CD_SAMPLER;CD;Culture Beat;Rendez – Vouz;Chart;;;;
CD_SAMPLER;CD;Curtis, Eddie 'Tex';Brown;GEE Story;1;;R & B;
CD_SAMPLER;CD;Curtis, Eddie 'Tex';I'm True;GEE Story;1;;R & B;
CD_SAMPLER;CD;Da Hool;Hypochonda;Chart;;;;
CD_SAMPLER;CD;Daltrey, Roger;Free Me;ROCK HEROES (Collect.);1;80;ROCK;
CD_SAMPLER;CD;Damone, Vic;Again;Music Of My Life;2;49;Pop;
CD_SAMPLER;CD;Damone, Vic;You're Breaking My Heart;Music Of My Life;1;49;Pop;
CD_SAMPLER;CD;Danny & The Juniors;At the Hop;Burnt by Rock'n Roll;;;R&R;
CD_SAMPLER;CD;Darnell, Larry;For You My Love;Music Of My Life;4;49;Country;
CD_SAMPLER;CD;Dastan, Goruhe;Daramade Mahor;Bremen;;;Welt;
CD_SAMPLER;CD;Davis, Spencer   Group;Det war in Schöneberg;1000 Nadelstiche;;66;Pop;
CD_SAMPLER;CD;Debonaires, The;I'm Gone;GEE Story;1;;R & B;
CD_SAMPLER;CD;Deep Purple;Black Night;ROCK HEROES (Collect.);1;70;ROCK;
CD_SAMPLER;CD;Dell Vikings, The;Come Go With Me;Magic Radio;;56;R&R;
CD_SAMPLER;CD;Delmore Brothers, The;Pan American Boogie;Music Of My Life;3;49;Country;
CD_SAMPLER;CD;Denton, Larry;Endless Sleep;Brian Wilson 17;;;Surf;
CD_SAMPLER;CD;Derringer, Rick;Pride and Joy;Hats Off Stevie Ray;;;Bluesrock;
CD_SAMPLER;CD;Dexy's Midnight Runners;Come on Eileen;LEGENDARY ROCK (Coll.);1;82;ROCK;
CD_SAMPLER;CD;Dexy's Midnight Runners;Jackie Wilson Said;ROCK GROUPS (Collect.);1;82;ROCK;
CD_SAMPLER;CD;Diamond, Neil;Cracklin' Rosie;Biggest Hits Live USA;;71;Pfolk;
CD_SAMPLER;CD;Dick Dale & Del-Tones, His;Let's Go Trippin';Surfin' USA;;61;Surf;
CD_SAMPLER;CD;Dickens, Jimmy „Little“;Country Boy;Music Of My Life;2;49;Country;
CD_SAMPLER;CD;Dickens, Jimmy „Little“;My Heart's Bouquet;Music Of My Life;4;49;Country;
CD_SAMPLER;CD;Dirty Dozen Brass Band, The;Don't you Feel my Leg;Southern Blues;1;;Club Sound;
CD_SAMPLER;CD;Dixon, Willie;Spoonful;Southern Blues;1;;Club Sound;
CD_SAMPLER;CD;Dixon, Willie & Was;Dustin' Off the Bass;Wassermann (Trios);;;Blues;
CD_SAMPLER;CD;Dolour;This Whole World;Making God Smile;;2002;;
CD_SAMPLER;CD;Dolphy, Eric;Serene;Somethin' Jazz;;;Jazz;
CD_SAMPLER;CD;Donegan, Lonnie;I Wanna Go Home;Dumb;;;Surf;
CD_SAMPLER;CD;Doobie Brothers, The;Listen to the Music;SOFT ROCK  (Collection);2;72;ROCK;
CD_SAMPLER;CD;Doors, The;Riders on the Storm;NIGHT ROCK (Collection);2;71;ROCK;
CD_SAMPLER;CD;Dorsey, Tommy;You're My Everything;Jazz Session;;;Jazz;
CD_SAMPLER;CD;Dorsey, Tommy (Orchestra);Hucklebuck, The;Music Of My Life;3;49;Instr.;
CD_SAMPLER;CD;Dorsey, Tommy & His Clambake Seven;There's Good Blues Tonight;Jazz Session;;;Jazz;
CD_SAMPLER;CD;Douglas, Meyer & Barenberg;Big Bug Shuffle;Hitze;;;Blues;
CD_SAMPLER;CD;Downbeats, The;China Doll;GEE Story;1;;R & B;
CD_SAMPLER;CD;Drapers, The;You Got to Look Up;GEE Story;2;;R & B;
CD_SAMPLER;CD;Drapers, The;Your Love has gone Away;GEE Story;2;;R & B;
CD_SAMPLER;CD;Duane Eddy;Because They're Young;Burnt by Rock'n Roll;;;R&R;
CD_SAMPLER;CD;Duvals, The;Guide Me;GEE Story;1;;R & B;
CD_SAMPLER;CD;Dyke, Leroy Van;Auctioneer, The;Country Gold;;;Country;
CD_SAMPLER;CD;Dylan, Bob;Knockin' On Heavens Door;Biggest Hits Live USA;;73;FolkRock;
CD_SAMPLER;CD;Dylan, Bob;Sugar Baby;Maryam;;;FolkRock;
CD_SAMPLER;CD;Dylan, Bob & Burke;Stepchild;SOLOMON BURKE;;;Soul;
CD_SAMPLER;CD;Dylon, Bob;Pretty Boy Floyd;Folkways;;;Folk;
CD_SAMPLER;CD;Eagles, The;Hotel California;ROCK STARS (Collection);1;77;ROCK;
CD_SAMPLER;CD;Eagles, The;Lyin' Eyes;NIGHT ROCK (Collection);2;74;ROCK;
CD_SAMPLER;CD;Eagles, The;Take it to the Limit;ROCK GROUPS (Collect.);2;76;ROCK;
CD_SAMPLER;CD;Echoes, The;Glory of Love, The;GEE Story;1;;R & B;
CD_SAMPLER;CD;Edmunds, Dave;I Hear you Knocking;LEGENDARY ROCK (Coll.);1;70;ROCK;
CD_SAMPLER;CD;El Silencio Loco;Bailando;Chart;;;;
CD_SAMPLER;CD;Elements, The;'Til I Die;Jazz Portrait;;;Instr.;
CD_SAMPLER;CD;Elias, Eliane;Our Sweet Love / Friends;Jazz Portrait;;;Instr.;
CD_SAMPLER;CD;Ellington, Duke;Sophisticated Lady;Jazz Session;;;Jazz;
CD_SAMPLER;CD;Ellis, Lorraine & The Crows;Perfidia;GEE Story;1;;R & B;
CD_SAMPLER;CD;Ellis, Lorraine & The Crows;Piano Player Play a Tune;GEE Story;1;;R & B;
CD_SAMPLER;CD;ELO;Don't Bring Me Down;ROCK GROUPS (Collect.);1;79;ROCK;
CD_SAMPLER;CD;ELO;Mr. Blue Sky;SOFT ROCK  (Collection);2;78;ROCK;
CD_SAMPLER;CD;ELO;Roll Over Beethoven;ROCK STARS (Collection);1;73;ROCK;
CD_SAMPLER;CD;Elton John;I Guess That's Why they Call It the Blues;SOFT ROCK  (Collection);2;83;ROCK;
CD_SAMPLER;CD;Elton John;I'm Still Standing;ROCK STARS (Collection);1;83;ROCK;
CD_SAMPLER;CD;Elton John;Part Time Love;ROCK HEROES (Collect.);2;78;ROCK;
CD_SAMPLER;CD;Elton John;Song For Guy;NIGHT ROCK (Collection);1;78;ROCK;
CD_SAMPLER;CD;Elvis, Scotty & Bill;That's Alright Mama;Burnt by Rock'n Roll;;;R&R;
CD_SAMPLER;CD;Ely, Joe;Joy;Nilsson;;;Rock;
CD_SAMPLER;CD;Emanons, The;Change of Time;GEE Story;1;;R & B;
CD_SAMPLER;CD;Epicycle;Wake the World;Mojo;;2006;Surf;
CD_SAMPLER;CD;Erickson, Craig;Telephone Song;Hats Off Stevie Ray;;;Bluesrock;
CD_SAMPLER;CD;Europe;Final Countdown, The;ROCK STARS (Collection);2;86;ROCK;
CD_SAMPLER;CD;Everclear;Walk Don't Run;MOM 3;;;Instr.;
CD_SAMPLER;CD;Everly Brothers, The;Am Abend auf der Heide;1000 Nadelstiche;;65;Pop;
CD_SAMPLER;CD;Fabulous Thunderbirds, The;Feelin' Good;Southern Blues;2;;New-Blues;
CD_SAMPLER;CD;Fabulous Thunderbirds, The;Powerful Stuff;Cocktail;;;Bluesrock;
CD_SAMPLER;CD;Faces, The;Cindy Incidentally;ROCK GROUPS (Collect.);2;73;ROCK;
CD_SAMPLER;CD;Faces, The;Stay with Me;LEGENDARY ROCK (Coll.);1;71;ROCK;
CD_SAMPLER;CD;Factotums, The;Here Today;Dumb;;;Surf;
CD_SAMPLER;CD;Factotums, The;In My Room;Dumb;;;Surf;
CD_SAMPLER;CD;Factotums, The;You're So Good To Me;Dumb;;;Surf;
CD_SAMPLER;CD;Fair, Jad;Do Ya;Caroline Now!;;;Jazz;
CD_SAMPLER;CD;Fantastic Baggys, The;Summer Means Fun;Surfin' USA;;;Surf;
CD_SAMPLER;CD;Feathers, Charlie;Defrost Your Heart;SUN Story;;55;R&R;
CD_SAMPLER;CD;Ferry, Bryan;Love Me Or Leave Me;Bremen;;;Jazz;
CD_SAMPLER;CD;Firehouse Five Plus Two;Chinatown;Music Of My Life;1;49;Instr.;
CD_SAMPLER;CD;Five Crows, The;Do You Remember;GEE Story;1;;R & B;
CD_SAMPLER;CD;Five Crows, The;God Bless You;GEE Story;1;;R & B;
CD_SAMPLER;CD;Five Satins, The;In the Still Of the Nite;Magic Radio;;56;Doo Wop;
CD_SAMPLER;CD;Flamingos, The;Mein Beatle Baby;1000 Nadelstiche;;64;UK Beat;
CD_SAMPLER;CD;Flanagan, Ralph   (Orchestra);Don't Cry Joe;Music Of My Life;4;49;Pop;
CD_SAMPLER;CD;Flanagan, Ralph   (Orchestra);You're Breaking My Heart;Music Of My Life;4;49;Pop;
CD_SAMPLER;CD;Fleetwood Mac;Behind the Mask;SOFT ROCK  (Collection);2;90;ROCK;
CD_SAMPLER;CD;Fleetwood Mac;Don't Stop;NIGHT ROCK (Collection);1;77;ROCK;
CD_SAMPLER;CD;Fleetwood Mac;Man of the World;LEGENDARY ROCK (Coll.);1;69;ROCK;
CD_SAMPLER;CD;Fleetwood Mac;Over my Head;ROCK HEROES (Collect.);1;75;ROCK;
CD_SAMPLER;CD;Fleetwood Mac;Tusk;ROCK STARS (Collection);2;79;ROCK;
CD_SAMPLER;CD;Forbert, Steve;Moonbeam Song, The;Nilsson;;;Rock;
CD_SAMPLER;CD;Ford, Ernie (Tennessee);Cry of the Wild Goose, The;Millennium;2;50;Country;
CD_SAMPLER;CD;Ford, Ernie (Tennessee);I'll Never Be Free;Pop Radio;;1950;Country;
CD_SAMPLER;CD;Ford, Ernie (Tennessee);Shot Gun, The;Pop Radio;;1951;Country;
CD_SAMPLER;CD;Ford, Ernie (Tennessee);Shotgun Boogie;Millennium;1;51;Country;
CD_SAMPLER;CD;Foreigner;I Want to know what Love Is;NIGHT ROCK (Collection);1;84;ROCK;
CD_SAMPLER;CD;Foreigner;Urgent;ROCK GROUPS (Collect.);2;81;ROCK;
CD_SAMPLER;CD;Four Freshmen;Graduation Day;Magic Radio;;56;Pop;
CD_SAMPLER;CD;Four Freshmen, The;Mood Indigo;Millennium;2;54;Pop;
CD_SAMPLER;CD;Four Knights, Thej;I Get So Lonely;Millennium;2;54;R & R;
CD_SAMPLER;CD;Fowley, Kim;Almost Summer;Caroline Now!;;;Jazz;
CD_SAMPLER;CD;Frampton, Peter;Show me the Way;ROCK HEROES (Collect.);1;76;ROCK;
CD_SAMPLER;CD;Francis, Connie;Schöner fremder Mann;1000 Nadelstiche;;61;HighSchool;
CD_SAMPLER;CD;Frazier, Dallas;Alley Oop;Magic Radio;;57;Woop;
CD_SAMPLER;CD;Free Design, The;Endless Harmony;Caroline Now!;;;Jazz;
CD_SAMPLER;CD;Freeman, Bobby;Do You Wanna Dance;Burnt by Rock'n Roll;;;R&R;
CD_SAMPLER;CD;Freeman, Bobby;Do You Wanna Dance ?;Magic Radio;;58;R&R;
CD_SAMPLER;CD;Freshmen, The;Little Girl I Once Knew, The;Dumb;;;Surf;
CD_SAMPLER;CD;Freshmen, The;Papa Oom Mow Mow;Dumb;;;Surf;
CD_SAMPLER;CD;Friedman, David;Gold Alchemy;Somethin' Jazz;;;Jazz;
CD_SAMPLER;CD;Frisell, Bill & The Intercontinentals;We are Everywhere;Hitze;;;Blues;
CD_SAMPLER;CD;Froman, Jane;I Believe;Millennium;2;53;Pop;
CD_SAMPLER;CD;Froman, Jane;I'll Walk Alone;Millennium;1;52;Pop;
CD_SAMPLER;CD;Funicello, Anette;Beach Party;Surfin' USA;;;Surf;
CD_SAMPLER;CD;Funicello, Annette;Muscle Beach Party;Brian Wilson 17;;;Surf;
CD_SAMPLER;CD;Funicello, Annette;Muscle Bustle;Brian Wilson 17;;;Surf;
CD_SAMPLER;CD;Funicello, Annette;Surfer's Holiday;Brian Wilson 17;;;Surf;
CD_SAMPLER;CD;Funicello,Annette;Monkey's Uncle, The;Brian Wilson 18;;;Surf;
CD_SAMPLER;CD;Gabriel, Gunter;Big River;Cash / Gabriel;;2002;Country;
CD_SAMPLER;CD;Gabriel, Gunter;Ein Junge namens Susi;Cash / Gabriel;;2002;Country;
CD_SAMPLER;CD;Gabriel, Gunter;Ein Stückchen pro Tag;Cash / Gabriel;;77;Country;
CD_SAMPLER;CD;Gabriel, Gunter;Folsom Prison Blues;Cash / Gabriel;;2002;Country;
CD_SAMPLER;CD;Gabriel, Gunter;Gitarre Marke Eigenbau;Cash / Gabriel;;2002;Country;
CD_SAMPLER;CD;Gabriel, Gunter;Ich bleib auf Kurs;Cash / Gabriel;;2002;Country;
CD_SAMPLER;CD;Gabriel, Gunter;Ich werd gesucht;Cash / Gabriel;;73;Country;
CD_SAMPLER;CD;Gabriel, Gunter;Johnny  Cash Konzert, Das;Cash / Gabriel;;82;Country;
CD_SAMPLER;CD;Gabriel, Gunter;Mann hinterm Pflug, Der;Cash / Gabriel;;82;Country;
CD_SAMPLER;CD;Gabriel, Gunter;Noch 20 Minuten zu geh'n;Cash / Gabriel;;75;Country;
CD_SAMPLER;CD;Gabriel, Gunter;San Quentin;Cash / Gabriel;;79;Country;
CD_SAMPLER;CD;Gaye, Marvin;Wie schön das ist;1000 Nadelstiche;;64;Soul;
CD_SAMPLER;CD;Georgia Satellites, The;Hippy Hippy Shake;Cocktail;;;Beat;
CD_SAMPLER;CD;Ghymes;Bazsarozsa;Maryam;;;Welt;
CD_SAMPLER;CD;Gibson, Don;Sea Of Heartbreak;Country Gold;;;Country;
CD_SAMPLER;CD;Gillum, Jazz;Born With the Blues;Southern Blues;1;;Club Sound;
CD_SAMPLER;CD;Gilmore, Thea;I Dreamed I Saw St. Augustine;Bremen;;;Welt;
CD_SAMPLER;CD;Godley and Creme;Wedding Bells;SOFT ROCK  (Collection);1;81;ROCK;
CD_SAMPLER;CD;Goodman, Benny;Fascinating Rhythm;Jazz Session;;;Jazz;
CD_SAMPLER;CD;Gordon, Bill & The Colonials;Two Loves Have I;GEE Story;1;;R & B;
CD_SAMPLER;CD;Gordon, Rosco;Do the Chicken;SUN Story;;55;R&R;
CD_SAMPLER;CD;Grape, Moby;Can't Be So Bad;Southern Blues;2;;New-Blues;
CD_SAMPLER;CD;Grisman, David & Taylor, Martin;Mood Indigo;Bremen;;;Instr.;
CD_SAMPLER;CD;Grusin, Don;Surfer Girl;Jazz Portrait;;;Instr.;
CD_SAMPLER;CD;Guthrie, Arlo;East Texas Red;Folkways;;;Folk;
CD_SAMPLER;CD;Guy, Buddy;Somebody's Sleeping In My Bed;Southern Blues;2;;New-Blues;
CD_SAMPLER;CD;Haggard, Merle;Okie From Muskogee;Country Gold;;;Country;
CD_SAMPLER;CD;Haimovitz / Jeanrenaud & Was;Gypsy One;Wassermann (Trios);;;Instr.;
CD_SAMPLER;CD;Haimovitz / Jeanrenaud & Was;Gypsy Two;Wassermann (Trios);;;Instr.;
CD_SAMPLER;CD;Hale & The Hushabyes;Yes Sir, That's my Baby;Brian Wilson 18;;;Surf;
CD_SAMPLER;CD;Haley, Bill & The Comets;Shake, Rattle and Roll;Millennium;2;54;R&R;
CD_SAMPLER;CD;Hall and Oates;I Can't go for That (No Can Do);NIGHT ROCK (Collection);1;81;ROCK;
CD_SAMPLER;CD;Hall and Oates;Maneater;ROCK STARS (Collection);2;82;ROCK;
CD_SAMPLER;CD;Hall and Oates;You've lost that Lovin' Feeling;SOFT ROCK  (Collection);2;80;ROCK;
CD_SAMPLER;CD;Hamilton IV, George;Abilene;Country Gold;;;Country;
CD_SAMPLER;CD;Hampton, Lionel;Stella By Starlight;Jazz Session;;;Jazz;
CD_SAMPLER;CD;Harper, Ben;Wicked Man;MOM 3;;;;
CD_SAMPLER;CD;Harptones, The;So Good, So Fine;GEE Story;2;;R & B;
CD_SAMPLER;CD;Harris, Derrick;Don't Worry Baby;Making God Smile;;2002;;
CD_SAMPLER;CD;Harris, Emmylou;Hobo's Lullaby;Folkways;;;Folk;
CD_SAMPLER;CD;Harris, Wynonie;All She Wants to Do Is Rock;Music Of My Life;1;49;R&B;
CD_SAMPLER;CD;Harris, Wynonie;Drinkin' Wine Spio-Dee-O-Dee;Music Of My Life;2;49;R&B;
CD_SAMPLER;CD;Harris, Wynonie;I want my Fanny Brown;Music Of My Life;3;49;R&B;
CD_SAMPLER;CD;Harrod, Jason;In My Room;Making God Smile;;2002;;
CD_SAMPLER;CD;Hawkins, Coleman;Get Out Of Town;Bremen;;;Instr.;
CD_SAMPLER;CD;Hayward and Lodge;Blue Guitar;NIGHT ROCK (Collection);2;75;ROCK;
CD_SAMPLER;CD;Heartbeats, The;500 Miles to Go;GEE Story;2;;R & B;
CD_SAMPLER;CD;Heartbeats, The;When I Found You;GEE Story;2;;R & B;
CD_SAMPLER;CD;Hendrix, Jimi;Hey Joe;LEGENDARY ROCK (Coll.);2;67;ROCK;
CD_SAMPLER;CD;Hendrix, Jimi Experience;All Along the Watchtower;ROCK STARS (Collection);2;68;ROCK;
CD_SAMPLER;CD;Hendrix, Jimi Experience;Burning of the Midnight Lamp;ROCK HEROES (Collect.);2;67;ROCK;
CD_SAMPLER;CD;Henry, Joe & Burke;Flesh and Blood;SOLOMON BURKE;;;Soul;
CD_SAMPLER;CD;Herbst, Jürgen;Mein Weg führt mich zu Dir;Cash / Gabriel;;68;Country;
CD_SAMPLER;CD;Herman, Woody;Stompin' at the Savoy;Jazz Session;;;Jazz;
CD_SAMPLER;CD;Hickey, Ershel;Bluebirds Over the Mountains;Magic Radio;;57;R&R;
CD_SAMPLER;CD;High Llamas;Leaf and Lime;Mojo;;2005;Surf;
CD_SAMPLER;CD;High Llamas, The;Anna Lee, The Healer;Caroline Now!;;;Jazz;
CD_SAMPLER;CD;Hoey, Gary;Gone Surfin;MOM 3;;;Instr.;
CD_SAMPLER;CD;Holiday, Billie;Georgia On my Mind;Southern Blues;1;;Club Sound;
CD_SAMPLER;CD;Holiday, Billie;I Got it bad and that Ain't Good;25 Blues 'N' Soul;;;Blues;
CD_SAMPLER;CD;Holiday, Billie;Nice Work If you can Get It;25 Blues 'N' Soul;;;Blues;
CD_SAMPLER;CD;Holiday, Billie;Please Don't talk About Me...;25 Blues 'N' Soul;;;Blues;
CD_SAMPLER;CD;Hondells, The;Little Honda;Brian Wilson 18;;;Surf;
CD_SAMPLER;CD;Hondells, The;My Buddy Seat;Brian Wilson 18;;;Surf;
CD_SAMPLER;CD;Honeycombs, The;Hab ich das Recht;1000 Nadelstiche;;64;Beat;
CD_SAMPLER;CD;Honeys, The;From Jimmy with Tears;Brian Wilson 17;;;Surf;
CD_SAMPLER;CD;Honeys, The;Goodnight My Love;Pet Projects;;69;Surf;
CD_SAMPLER;CD;Honeys, The;He's A Doll;Brian Wilson 18;;;Surf;
CD_SAMPLER;CD;Honeys, The;He's A Doll;Pet Projects;;64;Surf;
CD_SAMPLER;CD;Honeys, The;Hide Go Seek;Pet Projects;;63;Surf;
CD_SAMPLER;CD;Honeys, The;Love of a Boy and a Girl, The;Brian Wilson 18;;;Surf;
CD_SAMPLER;CD;Honeys, The;One you can't Have;Brian Wilson 17;;;Surf;
CD_SAMPLER;CD;Honeys, The;One you can't Have, The;Pet Projects;;63;Surf;
CD_SAMPLER;CD;Honeys, The;Pray For Surf;Pet Projects;;63;Surf;
CD_SAMPLER;CD;Honeys, The;Shoot the Curl;Pet Projects;;63;Surf;
CD_SAMPLER;CD;Honeys, The;Surfin' Down the Swanee River;Pet Projects;;63;Swing;
CD_SAMPLER;CD;Honeys, The;Tonight You Belong To Me;Pet Projects;;69;Surf;
CD_SAMPLER;CD;Hooker, John Lee;Boogie Chillen;Music Of My Life;1;49;R&B;
CD_SAMPLER;CD;Hooker, John Lee;Dimples;25 Blues 'N' Soul;;;Blues;
CD_SAMPLER;CD;Hooker, John Lee;Drug Store Woman;25 Blues 'N' Soul;;;Blues;
CD_SAMPLER;CD;Hooker, John Lee;I'm in the Mood;Biggest Hits Live USA;;;Blues;
CD_SAMPLER;CD;Hooker, John Lee;Tupelo;25 Blues 'N' Soul;;;Blues;
CD_SAMPLER;CD;Hopkins, Lightnin';I'm Leaving you now;25 Blues 'N' Soul;;;Blues;
CD_SAMPLER;CD;Horn, Shirley;Someone to Watch Over Me;Hitze;;;Blues;
CD_SAMPLER;CD;Hornsby, Bruce & Was;White-Wheeled Limousine;Wassermann (Trios);;;Blues;
CD_SAMPLER;CD;Hot Doggers, The;Surfin' U.S.A.;Covered;;;Surf;
CD_SAMPLER;CD;House, James;Little Deuce Coupe;Stars & Stripes;;;Surf;
CD_SAMPLER;CD;House, Son;Death Letter Blues;Southern Blues;1;;Club Sound;
CD_SAMPLER;CD;Humble Pie;Natural Born Bugie;NIGHT ROCK (Collection);1;69;ROCK;
CD_SAMPLER;CD;Hunter, Steve;Lenny;Hats Off Stevie Ray;;;Bluesrock;
CD_SAMPLER;CD;Hyland, Brian;Schön war die Zeit;1000 Nadelstiche;;62;HighSchool;
CD_SAMPLER;CD;Isaak, Chris;Winter Waves;MOM 3;;;Blue Eyed;
CD_SAMPLER;CD;Isula;Ninnina;Hitze;;;Blues;
CD_SAMPLER;CD;Ivy League, The;Don't Worry Baby;Dumb;;;Surf;
CD_SAMPLER;CD;Jackson, Bull Moose;Why Don't you haul Off and Love Me;Music Of My Life;2;49;R&B;
CD_SAMPLER;CD;Jackson, Milt;Nearness of You;Hitze;;;Blues;
CD_SAMPLER;CD;Jackson, Stevie;Good Time;Caroline Now!;;;Jazz;
CD_SAMPLER;CD;Jackson, Wanda;Santo Domingo;1000 Nadelstiche;;65;Country;
CD_SAMPLER;CD;James, Elmore;Dust My Broom;25 Blues 'N' Soul;;;Blues;
CD_SAMPLER;CD;James, Elmore;I Believe;25 Blues 'N' Soul;;;Blues;
CD_SAMPLER;CD;Jan & Dean;Barbara Ann;Surf Party;;;Surf;
CD_SAMPLER;CD;Jan & Dean;Dead Man's Curve;BB and J&D;;;Surf;
CD_SAMPLER;CD;Jan & Dean;Dead Man's Curve;Brian Wilson 17;;;Surf;
CD_SAMPLER;CD;Jan & Dean;Drag City;Brian Wilson 17;;;Surf;
CD_SAMPLER;CD;Jan & Dean;Drag City;Surfin' USA;;63;Surf;
CD_SAMPLER;CD;Jan & Dean;Fun Fun Fun;BB and J&D;;;Surf;
CD_SAMPLER;CD;Jan & Dean;Fun Fun Fun;Surfing America;;;Surf;
CD_SAMPLER;CD;Jan & Dean;Help Me Rhonda;BB and J&D;;;Surf;
CD_SAMPLER;CD;Jan & Dean;Honolulu Lulu;Surf Party;;;Surf;
CD_SAMPLER;CD;Jan & Dean;I Get Around;BB and J&D;;;Surf;
CD_SAMPLER;CD;Jan & Dean;Jennie Lee;Surfin' USA;;58;Surf;
CD_SAMPLER;CD;Jan & Dean;Like a Summer Rain;Mojo;;96;Surf;
CD_SAMPLER;CD;Jan & Dean;Little Deuce Coupe;BB and J&D;;;Surf;
CD_SAMPLER;CD;Jan & Dean;Little Deuce Coupe;Brian Wilson 17;;;Surf;
CD_SAMPLER;CD;Jan & Dean;Little Old Lady From Pasadena;BB and J&D;;;Surf;
CD_SAMPLER;CD;Jan & Dean;Ride the Wild Surf;Brian Wilson 18;;;Surf;
CD_SAMPLER;CD;Jan & Dean;Ride the Wild Surf;Surf Party;;;Surf;
CD_SAMPLER;CD;Jan & Dean;Sidewalk Surfin';BB and J&D;;;Surf;
CD_SAMPLER;CD;Jan & Dean;Sidewalk Surfin';Brian Wilson 18;;;Surf;
CD_SAMPLER;CD;Jan & Dean;Sidewalk Surfin';Surf Party;;;Surf;
CD_SAMPLER;CD;Jan & Dean;Surf City;BB and J&D;;;Surf;
CD_SAMPLER;CD;Jan & Dean;Surf City;Surf Party;;;Surf;
CD_SAMPLER;CD;Jan & Dean;Surf Route 101;Brian Wilson 17;;;Surf;
CD_SAMPLER;CD;Jan & Dean;Surfin' Wild;Brian Wilson 18;;;Surf;
CD_SAMPLER;CD;Jane's Addiction;Ocean Size;MOM 3;;;;
CD_SAMPLER;CD;Jellyfish;Think about your Troubles;Nilsson;;;Rock;
CD_SAMPLER;CD;Jennings, Waylon;Burning Memories;Country Gold;;;Country;
CD_SAMPLER;CD;Jets, The;Heaven Above Me;GEE Story;1;;R & B;
CD_SAMPLER;CD;John, Dr.;It Don't Mean A Thing;Southern Blues;2;;New-Blues;
CD_SAMPLER;CD;John, Little Willie;Talk To Me;Magic Radio;;58;Pop;
CD_SAMPLER;CD;Johnson, Dottie;It's a Shame;GEE Story;1;;R & B;
CD_SAMPLER;CD;Johnson, Dottie;Thank you Daddy;GEE Story;1;;R & B;
CD_SAMPLER;CD;Johnson, Robert;Come on in my Kitchen;Maryam;;;Welt;
CD_SAMPLER;CD;Johnson, Robert;Cross Road Blues;Southern Blues;1;;Club Sound;
CD_SAMPLER;CD;Johnston, Bruce;Deirdre;Covered;;;Surf;
CD_SAMPLER;CD;Jones, George;Race Is On, The;Country Gold;;;Country;
CD_SAMPLER;CD;Jones, Howard;What is Love;SOFT ROCK  (Collection);2;83;ROCK;
CD_SAMPLER;CD;Jones, Oliver;What I Say;GEE Story;1;;R & B;
CD_SAMPLER;CD;Joplin, Scott;Entertainer, The;Southern Blues;1;;Club Sound;
CD_SAMPLER;CD;Jordan, Louis;Saturday Night Fish Fry;Music Of My Life;3;49;R&B;
CD_SAMPLER;CD;Journey;Don't Stop Believin';ROCK STARS (Collection);2;81;ROCK;
CD_SAMPLER;CD;June & Exit Wounds, The;All I Wanna Do;Caroline Now!;;;Jazz;
CD_SAMPLER;CD;Juniors, Little Blue Flames;Feelin' Good;SUN Story;;53;R&R;
CD_SAMPLER;CD;Kansas;Carry On Wayward Son;LEGENDARY ROCK (Coll.);2;76;ROCK;
CD_SAMPLER;CD;Kaye, Anne;Dilly Dally Darling;GEE Story;1;;R & B;
CD_SAMPLER;CD;Kaye, S. & 3 Kaydets, The;Powder Your Face with Sunshine;Music Of My Life;1;49;Pop;
CD_SAMPLER;CD;Keaggy, Phil;Good Vibrations;Making God Smile;;2002;;
CD_SAMPLER;CD;Keb' Mo';More Than One Way Home;Southern Blues;2;;New-Blues;
CD_SAMPLER;CD;Keith, Toby;Be True to your School;Stars & Stripes;;;Surf;
CD_SAMPLER;CD;Keller & Webb;Don't Worry Baby;Covered;;;Surf;
CD_SAMPLER;CD;Kelly, Eugene;Lady;Caroline Now!;;;Jazz;
CD_SAMPLER;CD;Kelly, Gene & Moore, Pete (Orchestra);I Got the Rhythm;Jazz Session;;;Jazz;
CD_SAMPLER;CD;Khan, Steve with Anders, Gabriela;Don't Worry Baby;Jazz Portrait;;;Jazz;
CD_SAMPLER;CD;King, B.B.;B.B. Boogie;25 Blues 'N' Soul;;;Blues;
CD_SAMPLER;CD;King, B.B.;Catfish Blues;25 Blues 'N' Soul;;;Blues;
CD_SAMPLER;CD;Kingston Trio, The;Wreck of the John B, The;Magic Radio;;58;Folk;
CD_SAMPLER;CD;Kinks, The;Apeman, The;ROCK HEROES (Collect.);2;70;ROCK;
CD_SAMPLER;CD;Kinks, The;Come Dancing;ROCK STARS (Collection);1;83;ROCK;
CD_SAMPLER;CD;Kinks, The;Louie, Louie;Dumb;;;Surf;
CD_SAMPLER;CD;Kirk, Roland;Haunted Melody, The;Somethin' Jazz;;;Jazz;
CD_SAMPLER;CD;Kiss;God gave Rock'n' Roll to You;Biggest Hits Live USA;;;Pop;
CD_SAMPLER;CD;Kle;Rainbow Eyes;Caroline Now!;;;Jazz;
CD_SAMPLER;CD;Knight, Toni;Let's Try Again;GEE Story;2;;R & B;
CD_SAMPLER;CD;Kooper, Al;Salmon Falls;Nilsson;;;Rock;
CD_SAMPLER;CD;Kottke, Leo;Waltz;Bremen;;;String;
CD_SAMPLER;CD;Krist, Jan;Wouldn't It Be Nice;Making God Smile;;2002;;
CD_SAMPLER;CD;Laine, Frankie;Jealousy;Pop Radio;;1951;Country;
CD_SAMPLER;CD;Laine, Frankie;Mule Train;Music Of My Life;2;49;Country;
CD_SAMPLER;CD;Lanes, The;Chang – A – Lang;GEE Story;1;;R & B;
CD_SAMPLER;CD;Langley Schools Project, The;In My Room;Mojo;;2001;Surf;
CD_SAMPLER;CD;Larosa, Julius;Anywhere I Wonder;Millennium;1;53;Pop;
CD_SAMPLER;CD;Larosa, Julius;Eh Cumpari;Millennium;2;53;Pop;
CD_SAMPLER;CD;Laughing Gravy, The;Vegetables;Pet Projects;;67;Surf;
CD_SAMPLER;CD;Leadbelly;Cottonfields;Magic Radio;;40;Folk;
CD_SAMPLER;CD;Leadbelly;Poor Howard Green Corn;25 Blues 'N' Soul;;;Blues;
CD_SAMPLER;CD;Lee, Brenda;Kansas City;1000 Nadelstiche;;64;Country;
CD_SAMPLER;CD;Lee, Peggy;Riders in the Sky;Pop Radio;;1950;Pop;
CD_SAMPLER;CD;Level 42;Something About You;ROCK GROUPS (Collect.);2;85;ROCK;
CD_SAMPLER;CD;Lewis, Jerry Lee;Good Golly Miss Molly;SUN Story;;62;R&R;
CD_SAMPLER;CD;Lewis, Jerry Lee;Great Balls Of Fire;Burnt by Rock'n Roll;;;R&R;
CD_SAMPLER;CD;Lewis, Jerry Lee;Whole Lotta Shakin' Goin' On;SUN Story;;57;R&R;
CD_SAMPLER;CD;Lhasa;Anywhere On this Road;Maryam;;;Welt;
CD_SAMPLER;CD;Lincoln, Abbey;Another Time, Another Place;Somethin' Jazz;;;Jazz;
CD_SAMPLER;CD;Lions, Doleful;H.E.L.P. Is on the Way;Mojo;;2006;Surf;
CD_SAMPLER;CD;Lit;Money;MOM 3;;;Hard;
CD_SAMPLER;CD;Liverpool Beats, The;Memphis Tennessee;1000 Nadelstiche;;63;Beat;
CD_SAMPLER;CD;Lloyd, Bill;Lottery Song, The;Nilsson;;;Rock;
CD_SAMPLER;CD;Locklin, Hank;Send Me the Pillow that you Dream On;Country Gold;;;Country;
CD_SAMPLER;CD;Loeb, Lisa;Summer;MOM 3;;;;
CD_SAMPLER;CD;Loren, Donna;Muscle Bustle;Brian Wilson 17;;;Surf;
CD_SAMPLER;CD;Loren, John;Tell the World;GEE Story;2;;R & B;
CD_SAMPLER;CD;Low, Bruce;Die Colt Ballade;Cash / Gabriel;;65;Country;
CD_SAMPLER;CD;Lowe, Nick & Burke;Other Side of the Coin, The;SOLOMON BURKE;;;Soul;
CD_SAMPLER;CD;Lymon, Frankie;I'm Not too Young to Dream;GEE Story;2;;R & B;
CD_SAMPLER;CD;Lymon, Frankie & The Teenagers;Baby Baby;GEE Story;1;;R & B;
CD_SAMPLER;CD;Lymon, Frankie & The Teenagers;I'm not a Juvenile Delinquent;GEE Story;2;;R & B;
CD_SAMPLER;CD;Lymon, Frankie & The Teenagers;Why Do Fools Fall In Love ?;Magic Radio;;56;R&R;
CD_SAMPLER;CD;Lynn, Loretta;Spring Fever;Country Gold;;;Country;
CD_SAMPLER;CD;Lynyrd Skynyrd;Sweet Home Alabama;ROCK HEROES (Collect.);2;74;ROCK;
CD_SAMPLER;CD;Mack, Jimmy;I Believe i love You;GEE Story;2;;R & B;
CD_SAMPLER;CD;Madeira, Phiol;Heroes And Villains;Making God Smile;;2002;Instr.;
CD_SAMPLER;CD;Mahal, Taj;Bourgeois Blues, The;Folkways;;;Folk;
CD_SAMPLER;CD;Mahal, Taj;Cakewalk into Town;Southern Blues;1;;Club Sound;
CD_SAMPLER;CD;Malik, Joseph;I Am Drifting;Hitze;;;Blues;
CD_SAMPLER;CD;Mann, Aimee;One;Nilsson;;;Rock;
CD_SAMPLER;CD;Mann, Barry and other & Burke;None of us are Free;SOLOMON BURKE;;;Soul;
CD_SAMPLER;CD;Mann, Carl;Mona Lisa;SUN Story;;59;R&R;
CD_SAMPLER;CD;Mann, Carl;Pretend;SUN Story;;59;R&R;
CD_SAMPLER;CD;Mann, Manfred;Sie;1000 Nadelstiche;;64;Beat;
CD_SAMPLER;CD;Manning, Bob;Nearness of You, The;Millennium;2;53;Pop;
CD_SAMPLER;CD;Marcels, The;Blue Moon;Burnt by Rock'n Roll;;;R&R;
CD_SAMPLER;CD;Marillion;Kaylight;ROCK STARS (Collection);1;85;ROCK;
CD_SAMPLER;CD;Marillion;Lavender;ROCK GROUPS (Collect.);1;85;ROCK;
CD_SAMPLER;CD;Marino, Frank;Things I used To Do, The;Hats Off Stevie Ray;;;Bluesrock;
CD_SAMPLER;CD;Markets, The;Surfers Stomp;Surfing America;;;Surf;
CD_SAMPLER;CD;Marketts, The;Balboa Blue;Surfing America;;;Surf;
CD_SAMPLER;CD;Marketts, The;Surfer's Stomp;Surfin' USA;;62;Surf;
CD_SAMPLER;CD;Martin, Dean;I'll Always love You;Millennium;1;50;Pop;
CD_SAMPLER;CD;Martin, Dean;That's Amore;Millennium;2;53;Pop;
CD_SAMPLER;CD;Martin, Freddy;I've Got a lovelyBunch Of Coconuts;Music Of My Life;1;49;Pop;
CD_SAMPLER;CD;Martin, Tony;There's No Tomorrow;Music Of My Life;1;49;Pop;
CD_SAMPLER;CD;Martino, Al;Here in My Heart;Millennium;1;52;Pop;
CD_SAMPLER;CD;Martino, Al;Take My Heart;Millennium;2;52;Pop;
CD_SAMPLER;CD;Martyn, John;My Creator;Maryam;;;Welt;
CD_SAMPLER;CD;Masada String Trio;Shabbos Noir;Maryam;;;Welt;
CD_SAMPLER;CD;Mason, Little Billy;School Kid;GEE Story;2;;R & B;
CD_SAMPLER;CD;Matthews, Eric;Lonely Sea;Caroline Now!;;;Jazz;
CD_SAMPLER;CD;Max, Kevin & A. Jimmy;Help Me Rhonda;Making God Smile;;2002;;
CD_SAMPLER;CD;Mc Cartney, Paul & Wings;Wild Life;MOM 3;;;;
CD_SAMPLER;CD;McFerrin, Bobby;Don't Worry, Be Happy;Cocktail;;;JazzPop;
CD_SAMPLER;CD;McNeal, Lutricia;Stranded;Chart;;;;
CD_SAMPLER;CD;Meat Loaf;Bat Out of Hell;ROCK STARS (Collection);2;79;ROCK;
CD_SAMPLER;CD;Meat Loaf;Dead Ringer for Love;ROCK HEROES (Collect.);2;81;ROCK;
CD_SAMPLER;CD;Meat Loaf;Midnight at the Lost and Found;LEGENDARY ROCK (Coll.);1;83;ROCK;
CD_SAMPLER;CD;Meat Loaf;Two Out of three ain't Bad;NIGHT ROCK (Collection);1;78;ROCK;
CD_SAMPLER;CD;Medlocke, Ricky;Texas Flood;Hats Off Stevie Ray;;;Bluesrock;
CD_SAMPLER;CD;Mellencamp, John;Do Re Mi;Folkways;;;Folk;
CD_SAMPLER;CD;Mellencamp, John Cougar;Rave On;Cocktail;;;Songwriter;
CD_SAMPLER;CD;Mello-Tones, The;I'll Never fall in Love again;GEE Story;2;;R & B;
CD_SAMPLER;CD;Mellow Keys, The;Listen Baby;GEE Story;1;;R & B;
CD_SAMPLER;CD;Men At Work;Down Under;ROCK HEROES (Collect.);2;83;ROCK;
CD_SAMPLER;CD;Mendoza, Vince    (Abercrombie, John);Don't Talk;Jazz Portrait;;;Instr.;
CD_SAMPLER;CD;Merseybeats;Nur unsere Liebe zählt;1000 Nadelstiche;;64;Mersey;
CD_SAMPLER;CD;Milburn, Amos;Hold Me Baby;Music Of My Life;2;49;R&B;
CD_SAMPLER;CD;Milburn, Amos;In the Middle of the Night;Music Of My Life;2;49;R&B;
CD_SAMPLER;CD;Milburn, Amos;Roomin' House Boogie;Music Of My Life;1;49;R&B;
CD_SAMPLER;CD;Miller, Glenn;Chattanooga Choo Choo;Jazz Session;;;Jazz;
CD_SAMPLER;CD;Miller, Ned;From a Jack to a King;Country Gold;;;Country;
CD_SAMPLER;CD;Milton, Little;If you Love Me Baby;SUN Story;;54;R&R;
CD_SAMPLER;CD;Milton, Roy;Early in the Morning;25 Blues 'N' Soul;;;Blues;
CD_SAMPLER;CD;Milton, Roy;Red Light;25 Blues 'N' Soul;;;Blues;
CD_SAMPLER;CD;Mitchell, Billy;Sophisticated Lady;Somethin' Jazz;;;Jazz;
CD_SAMPLER;CD;Mitchell, Guy;My Heart Cries for You;Pop Radio;;1950;Country;
CD_SAMPLER;CD;Mitchell, Guy;Roving Kind, The;Pop Radio;;1951;Country;
CD_SAMPLER;CD;Mitchell, Joni;Electricity;Hitze;;;Blues;
CD_SAMPLER;CD;Mitchell, Katrina & Wells, Bill;Wind Chimes;Caroline Now!;;;Jazz;
CD_SAMPLER;CD;Mockers, The;God Only Knows;Mojo;;2006;Surf;
CD_SAMPLER;CD;Modern Talking;You're My Heart, You're My Soul;Chart;;;Disco;
CD_SAMPLER;CD;Monkey, Sprung;Coconut;MOM 3;;;;
CD_SAMPLER;CD;Monroe, Marilyn;Every Baby Needs A Da Da Daddy;Music Of My Life;3;49;Pop;
CD_SAMPLER;CD;Monroe, Vaughn;Mule Train;Music Of My Life;1;49;Pop;
CD_SAMPLER;CD;Monroe, Vaughn;Someday;Music Of My Life;1;49;Pop;
CD_SAMPLER;CD;Moody Blues, The;Blue World;ROCK GROUPS (Collect.);1;83;ROCK;
CD_SAMPLER;CD;Moody Blues, The;Isn't Life Strange;LEGENDARY ROCK (Coll.);1;72;ROCK;
CD_SAMPLER;CD;Moody Blues, The;Question;ROCK HEROES (Collect.);1;70;ROCK;
CD_SAMPLER;CD;Moore, Gatemouth;I Ain't Mad at you Pretty Baby;25 Blues 'N' Soul;;;Blues;
CD_SAMPLER;CD;Moore, Gatemouth;My Mother Things I'm Something;25 Blues 'N' Soul;;;Blues;
CD_SAMPLER;CD;Moorer, Allison;Here Comes The Sun;MOM 3;;;;
CD_SAMPLER;CD;Morgan, Lorrie;Don't Worry Baby;Stars & Stripes;;;Surf;
CD_SAMPLER;CD;Morrison, Van & Burke;Fast Train;SOLOMON BURKE;;;Soul;
CD_SAMPLER;CD;Morrison, Van & Burke;Only A Dream;SOLOMON BURKE;;;Soul;
CD_SAMPLER;CD;Morse, Ella Mae;Blacksmith  Blues, The;Millennium;1;52;Pop;
CD_SAMPLER;CD;Mouth, Smash;Mother;MOM 3;;;;
CD_SAMPLER;CD;Mr. Mister;Broken Wings;NIGHT ROCK (Collection);2;85;ROCK;
CD_SAMPLER;CD;Nazareth;Love Hurts;Biggest Hits Live USA;;;HardRock;
CD_SAMPLER;CD;Nelson, Willie;Philadelphia Lawyer;Folkways;;;Folk;
CD_SAMPLER;CD;Nelson, Willie;Warmth of the Sun, The;Stars & Stripes;;;Surf;
CD_SAMPLER;CD;Nevil, Robbie;Since When;Cocktail;;;SoulPop;
CD_SAMPLER;CD;Neville, Aaron;Who will Buy?;Bremen;;;Jazz;
CD_SAMPLER;CD;Newman, Randy;Remember;Nilsson;;;Rock;
CD_SAMPLER;CD;Nits;Jazz Bon Temps;Bremen;;;Jazz;
CD_SAMPLER;CD;Nuevo, Quadro;Sultana;Maryam;;;Welt;
CD_SAMPLER;CD;Oi Va Voi;Hora;Maryam;;;Welt;
CD_SAMPLER;CD;Olympics, The;Hully Gully;Magic Radio;;59;Woop;
CD_SAMPLER;CD;Orbison, Roy;Mama;1000 Nadelstiche;;63;R&R;
CD_SAMPLER;CD;Orbison, Roy;Ooby Dooby;SUN Story;;56;R&R;
CD_SAMPLER;CD;Orbison, Roy;Pretty Woman;Biggest Hits Live USA;;;R&R;
CD_SAMPLER;CD;Orbison, Roy;Rockhouse;SUN Story;;56;R&R;
CD_SAMPLER;CD;Orioles, The;A Kiss And A Rose;Music Of My Life;3;49;R&B;
CD_SAMPLER;CD;Orioles, The;Forgive and Forget;Music Of My Life;4;49;R&B;
CD_SAMPLER;CD;Orioles, The;I Challenge Your Kiss;Music Of My Life;4;49;R&B;
CD_SAMPLER;CD;Osborne, Jeffrey;Wouldn't It Be Nice;Jazz Portrait;;;Jazz;
CD_SAMPLER;CD;Page, Patti;Mister and Mississippi;Pop Radio;;1951;Country;
CD_SAMPLER;CD;Page, Patti;Tennessee Waltz;Magic Radio;;50;Folk;
CD_SAMPLER;CD;Page, Patti;Tennessee Waltz;Pop Radio;;1950;Country;
CD_SAMPLER;CD;Paper Dolls, The;Darlin';Dumb;;;Surf;
CD_SAMPLER;CD;Paul, Les;Whispering;Millennium;1;51;Instr.;
CD_SAMPLER;CD;Paul, Les & Ford, Mary;How High the Moon;Millennium;1;51;Pop;
CD_SAMPLER;CD;Paul, Les & Ford, Mary;Vaya Con Dios;Millennium;2;53;Pop;
CD_SAMPLER;CD;Peanut;I'm Waiting For The Day;Dumb;;;Surf;
CD_SAMPLER;CD;Pearl Jam;Whale Song, The;MOM 3;;;;
CD_SAMPLER;CD;Pearlfishers, The;Go Away Boy;Caroline Now!;;;Jazz;
CD_SAMPLER;CD;Pearls Before Swine;Sonnet  # 61;Bremen;;;Folk;
CD_SAMPLER;CD;Penguin Cafe Orchestra;Cage Dead;Maryam;;;Welt;
CD_SAMPLER;CD;Pentangle;In Time;Bremen;;;instr.;
CD_SAMPLER;CD;Perkins, Carl;Blue Suede Shoes;Burnt by Rock'n Roll;;;R&R;
CD_SAMPLER;CD;Perkins, Carl;Blue Suede Shoes;SUN Story;;55;R&R;
CD_SAMPLER;CD;Perkins, Carl;Gone, Gone, Gone;SUN Story;;55;R&R;
CD_SAMPLER;CD;Petersen, Paul;She Rides With Me;Brian Wilson 17;;;Surf;
CD_SAMPLER;CD;Petersen, Paul;She Rides With Me;Pet Projects;;64;Surf;
CD_SAMPLER;CD;Peterson, Oscar  (Trio);Girl From Ipanema, The;Jazz Session;;;Jazz;
CD_SAMPLER;CD;Phelps, Kelly Joe;Jericho;Bremen;;;Folk;
CD_SAMPLER;CD;Phelps, Kelly Joe;Not so far to Go;Hitze;;;Blues;
CD_SAMPLER;CD;Piaf, Edith;La Vie En Rose;Millennium;1;51;Chanson;
CD_SAMPLER;CD;Pitney, Gene;Bleibe bei Mir;1000 Nadelstiche;;61;Pop;
CD_SAMPLER;CD;Platters, The;Only You;Burnt by Rock'n Roll;;;R&R;
CD_SAMPLER;CD;Post, Mike;Wouldn't it be Nice;Covered;;;Surf;
CD_SAMPLER;CD;Powell, Doug;Til I Die;Making God Smile;;2002;;
CD_SAMPLER;CD;Power, Elf;All the World is Waiting;Mojo;;2006;Surf;
CD_SAMPLER;CD;Prasada-Rao, Tom & Spicer, Amilia K;Your Imagination;Making God Smile;;2002;;
CD_SAMPLER;CD;Preston, Johnny;Running Bear;Burnt by Rock'n Roll;;;R&R;
CD_SAMPLER;CD;Pretenders, The;Brass in Pocket;ROCK HEROES (Collect.);2;79;ROCK;
CD_SAMPLER;CD;Pretenders, The;I Go to Sleep;ROCK GROUPS (Collect.);1;81;ROCK;
CD_SAMPLER;CD;Procul Harum;A Whiter Shade of Pale;LEGENDARY ROCK (Coll.);2;67;ROCK;
CD_SAMPLER;CD;Purnell, Pick & Burke;Sit this one Out;SOLOMON BURKE;;;Soul;
CD_SAMPLER;CD;Queen;Bohemian Rhapsody;ROCK STARS (Collection);1;75;ROCK;
CD_SAMPLER;CD;Queen;Crazy little Thing called Love;ROCK GROUPS (Collect.);1;79;ROCK;
CD_SAMPLER;CD;Queen;I Want to Break Free;ROCK HEROES (Collect.);2;84;ROCK;
CD_SAMPLER;CD;Quintones, The;I'm Willing;GEE Story;1;;R & B;
CD_SAMPLER;CD;R 'n' G;Can't U CE;Chart;;;;
CD_SAMPLER;CD;Rachel & The Revolvers;Number One;Pet Projects;;62;Surf;
CD_SAMPLER;CD;Rachel & The Revolvers;Revo-Lution, The;Pet Projects;;62;Surf;
CD_SAMPLER;CD;Radio Sweethearts, The;Honkin' Down The Highway;Caroline Now!;;;Jazz;
CD_SAMPLER;CD;Rafferty, Gerry;Baker Street;ROCK HEROES (Collect.);1;78;ROCK;
CD_SAMPLER;CD;Rally Packs, The;Move Out, Little Mustang;Brian Wilson 18;;;Surf;
CD_SAMPLER;CD;Rappewrs Against Racism;Key To Your Heart;Chart;;;;
CD_SAMPLER;CD;Ray, Johnnie;Cry;Pop Radio;;1951;Pop;
CD_SAMPLER;CD;Raye, Collin;Sloop John B.;Stars & Stripes;;;Surf;
CD_SAMPLER;CD;Red Hot Chili Pepers;How Strong;MOM 3;;;Hard;
CD_SAMPLER;CD;Red Snapper;Odd Man Out;Hitze;;;Blues;
CD_SAMPLER;CD;Red Snapper;Quiet One, The;Hitze;;;Blues;
CD_SAMPLER;CD;Reed, Lou;Walk On the Wild Side;ROCK STARS (Collection);2;73;ROCK;
CD_SAMPLER;CD;Regents, The;Barbara Ann;GEE Story;2;;R & B;
CD_SAMPLER;CD;Regents, The;Just Cry;GEE Story;2;;R & B;
CD_SAMPLER;CD;Regents, The;Runaround;GEE Story;2;;R & B;
CD_SAMPLER;CD;Rich, Charlie;Lonely Weekends;SUN Story;;60;R&R;
CD_SAMPLER;CD;Rich, Charlie;Who Will the Next Fool Be;SUN Story;;61;R&R;
CD_SAMPLER;CD;Richard, Cliff;Wenn Du lachst, lacht das Glück;1000 Nadelstiche;;63;PopRock;
CD_SAMPLER;CD;Richard, Little;Tutti Frutti;Burnt by Rock'n Roll;;;R&R;
CD_SAMPLER;CD;Richard, Little;Tutti Frutti;Cocktail;;;R&R;
CD_SAMPLER;CD;Richard, Little with Fishbone;Rock Island Line;Folkways;;;Folk;
CD_SAMPLER;CD;Riley, Billy Lee;Flyin' Saucers Rock 'n Roll;SUN Story;;57;R&R;
CD_SAMPLER;CD;Riley, Billy Lee;Red Hot;SUN Story;;57;R&R;
CD_SAMPLER;CD;Riley, Jeannie C.;Before the next Teardrops Falls;Country Gold;;;Country;
CD_SAMPLER;CD;Rip Chords, The;Little Deuce Coupe;Covered;;;Surf;
CD_SAMPLER;CD;Ritchie, David (Coalation);Good Timin';Caroline Now!;;;Jazz;
CD_SAMPLER;CD;Ritter, Tex;High Noon;Millennium;1;52;Country;
CD_SAMPLER;CD;Rivers, Johnny;Help me Rhonda;Covered;;;Surf;
CD_SAMPLER;CD;Rivers, Tony & the Castaways;Girl Don't Tell Me;Dumb;;;Surf;
CD_SAMPLER;CD;Rivers, Tony & the Castaways;Girl From New York City, The;Dumb;;;Surf;
CD_SAMPLER;CD;Rivers, Tony & the Castaways;Girl From Salt Lake City, The;Dumb;;;Surf;
CD_SAMPLER;CD;Robins, The  (Coasters);Riot in Cell Block Number Nine;Magic Radio;;54;R&R;
CD_SAMPLER;CD;Roches, The with Johnson, Marc;Spaceman;Nilsson;;;Rock;
CD_SAMPLER;CD;Rock, Dickie;Wanderer, The;Dumb;;;Surf;
CD_SAMPLER;CD;Rock, Dickie & The Miami Showband;Rock 'n' Roll Music;Dumb;;;Surf;
CD_SAMPLER;CD;Rosebuds, The;Dearest Darling;GEE Story;2;;R & B;
CD_SAMPLER;CD;Ross, Malcolm;Heroes & Villains;Caroline Now!;;;Jazz;
CD_SAMPLER;CD;Rossi, Kenny;But I Do;GEE Story;2;;R & B;
CD_SAMPLER;CD;Routers, The;Let's Go;Surfing America;;;Surf;
CD_SAMPLER;CD;Routers, The;Pipeline;Surfing America;;;Surf;
CD_SAMPLER;CD;Rundgren, Todd;Good Vibrations;Dumb;;;Surf;
CD_SAMPLER;CD;Russell, Kevin;Tell Me;Hats Off Stevie Ray;;;Bluesrock;
CD_SAMPLER;CD;Ryan, Marion;Why Do Fools fall in Love;Dumb;;;Surf;
CD_SAMPLER;CD;Sad Cafe;Every Day Hurts;NIGHT ROCK (Collection);2;79;ROCK;
CD_SAMPLER;CD;Saint Etienne;Stevie;Caroline Now!;;;Jazz;
CD_SAMPLER;CD;Saints, The;Wipe Out;Dumb;;;Surf;
CD_SAMPLER;CD;Salvatore;Pool Coal;Bremen;;;Welt;
CD_SAMPLER;CD;Santana;Black Magic Woman;LEGENDARY ROCK (Coll.);1;70;ROCK;
CD_SAMPLER;CD;Santana;Samba Pa Ti;ROCK HEROES (Collect.);1;74;ROCK;
CD_SAMPLER;CD;Santana;Well all Right;ROCK STARS (Collection);2;78;ROCK;
CD_SAMPLER;CD;Schmit, Timothy B.;Caroline, No;Stars & Stripes;;;Surf;
CD_SAMPLER;CD;Schneider, Fred;Coconut;Nilsson;;;Rock;
CD_SAMPLER;CD;Scott, Marilyn;In My Room;Jazz Portrait;;;Jazz;
CD_SAMPLER;CD;Searchers, The;Tausend Nadelstiche;1000 Nadelstiche;;64;Beat;
CD_SAMPLER;CD;Secret Goldfish, The;Big Sur;Caroline Now!;;;Jazz;
CD_SAMPLER;CD;Seeger, Pete / Watson, Doc & more;This Land is your Land;Folkways;;;Folk;
CD_SAMPLER;CD;Setzer, Brian & Wilson, Brian;Little Deuce Coupe;MOM 3;;;Rock;
CD_SAMPLER;CD;Sexsmith, Ron;Good old Desk;Nilsson;;;Rock;
CD_SAMPLER;CD;Shapiro, Helen;Ich such mir meinen Bräutigam....;1000 Nadelstiche;;66;Pop;
CD_SAMPLER;CD;Sharon Marie;Run-Around Lover;Brian Wilson 17;;;Surf;
CD_SAMPLER;CD;Sharon Marie;Run-Around Lover;Pet Projects;;63;Surf;
CD_SAMPLER;CD;Sharon Marie;Story of my Life;Brian Wilson 18;;;Surf;
CD_SAMPLER;CD;Sharon Marie;Story of my Life;Pet Projects;;64;Surf;
CD_SAMPLER;CD;Sharon Marie;Summertime;Brian Wilson 17;;;Blues;
CD_SAMPLER;CD;Sharon Marie;Summertime;Pet Projects;;63;Surf;
CD_SAMPLER;CD;Sharon Marie;Thinkin' 'bout You Baby;Brian Wilson 18;;;Surf;
CD_SAMPLER;CD;Sharon Marie;Thinkin' 'bout You Baby;Pet Projects;;64;Surf;
CD_SAMPLER;CD;Shaw, Artie;It's A Long Way to Tipperary;Jazz Session;;;Jazz;
CD_SAMPLER;CD;Shaw, Sandy;Wiedehopf im Mai;1000 Nadelstiche;;67;Pop;
CD_SAMPLER;CD;Shepard, Jean & Husky, Ferlin;Dear John Letter, A;Millennium;2;53;Country;
CD_SAMPLER;CD;Sheppard, Ollie;Say Yeah;GEE Story;2;;R & B;
CD_SAMPLER;CD;Sheridan, Dani;Guess I'm Dumb;Dumb;;;Surf;
CD_SAMPLER;CD;Sherman, Bim;Golden Looks;Hitze;;;Blues;
CD_SAMPLER;CD;Shonen Knife;Don't Hurt my little Sister;Covered;;;Surf;
CD_SAMPLER;CD;Shore, Dinah;Anniversary Song;Pop Radio;;1951;Pop;
CD_SAMPLER;CD;Shore, Dinah;Baby It's Cold Outside;Music Of My Life;3;49;Pop;
CD_SAMPLER;CD;Shore, Dinah;Dear Hearts and Gentle Peoplej;Music Of My Life;3;49;Pop;
CD_SAMPLER;CD;Shore, Dinah;Far Away Places;Music Of My Life;2;49;Pop;
CD_SAMPLER;CD;Silver, Horace;Strange Vibes;Somethin' Jazz;;;Jazz;
CD_SAMPLER;CD;Silverstein, Shel & Cash;A Front Row Seat To Hear Ole Johnny Sing;Cash / Gabriel;;71;Country;
CD_SAMPLER;CD;Simon, Joe;Say;25 Blues 'N' Soul;;;Blues;
CD_SAMPLER;CD;Simpson, Martin;Granuaile;Bremen;;;String;
CD_SAMPLER;CD;Six66;Amok;Chart;;;;
CD_SAMPLER;CD;Six Teens, The;A Casual Look;Magic Radio;;56;Doo Wop;
CD_SAMPLER;CD;Sixpence None The Richer;I Just Wasn't Made For These Times;Making God Smile;;2002;;
CD_SAMPLER;CD;Skylarks, The & Morgan, Russ;Forever And Ever;Music Of My Life;1;49;Country;
CD_SAMPLER;CD;Smith, Bessie;Kitchen Man;Southern Blues;1;;Club Sound;
CD_SAMPLER;CD;Smith, Preston;Oh, I Love You So;Cocktail;;;Pop;
CD_SAMPLER;CD;Smith, Ray;Right Behind You Baby;SUN Story;;58;R&R;
CD_SAMPLER;CD;Smith, Warren;Miss Froggie;SUN Story;;57;R&R;
CD_SAMPLER;CD;Smith, Warren;Rock'N'Roll Ruby;SUN Story;;56;R&R;
CD_SAMPLER;CD;Smokie;If you Think you Know How to Love Me;SOFT ROCK  (Collection);2;75;ROCK;
CD_SAMPLER;CD;Snoop Dog;Snoop Bounce;MOM 3;;;;
CD_SAMPLER;CD;Snow, Hank;Marriage Vow;Music Of My Life;2;49;Country;
CD_SAMPLER;CD;Soft Cell;Tainted Love;SOFT ROCK  (Collection);1;81;ROCK;
CD_SAMPLER;CD;Sorrows, The;Nimm mein Herz;1000 Nadelstiche;;65;Beat;
CD_SAMPLER;CD;Sounds Orchestral;God Only Knows;Dumb;;;Surf;
CD_SAMPLER;CD;Souvenir;Girl Don't Tell Me  / Ne Dis Pas;Caroline Now!;;;Jazz;
CD_SAMPLER;CD;Spears, Billie Jo;Blanket on the Ground;Country Gold;;;Country;
CD_SAMPLER;CD;Spinner, Tony;Empty Arms;Hats Off Stevie Ray;;;Bluesrock;
CD_SAMPLER;CD;Springfield, Dusty;Warten und Hoffen;1000 Nadelstiche;;64;SoulPop;
CD_SAMPLER;CD;Springfield, Rick;Jessie's Girl;NIGHT ROCK (Collection);2;81;ROCK;
CD_SAMPLER;CD;Springsteen, Bruce;I Ain't Got No Home;Folkways;;;Folk;
CD_SAMPLER;CD;Springsteen, Bruce;Vigilante Man;Folkways;;;Folk;
CD_SAMPLER;CD;Sprinkle, Aaron;I Know There's An Answer;Making God Smile;;2002;;
CD_SAMPLER;CD;Squires, The;Don't Accuse Me;GEE Story;2;;R & B;
CD_SAMPLER;CD;Squires, The;So many Tears Ago;GEE Story;2;;R & B;
CD_SAMPLER;CD;Stafford, Jo;Ragtime CowboyJoe;Music Of My Life;3;49;Pop;
CD_SAMPLER;CD;Stafford, Jo;Some Enchanted Evening;Music Of My Life;2;49;Pop;
CD_SAMPLER;CD;Starr, Kay;Come-On-A My House;Millennium;1;51;Pop;
CD_SAMPLER;CD;Starr, Kay;Wheel of Fortune;Millennium;1;52;Pop;
CD_SAMPLER;CD;Starr, Ringo & Nicks, Stevie;Lay Down your Arms;Nilsson;;;Rock;
CD_SAMPLER;CD;Starship;Nothing's Gonna Stop Us Now;SOFT ROCK  (Collection);1;87;FolkRock;
CD_SAMPLER;CD;Starship;Wild Again;Cocktail;;;FolkRock;
CD_SAMPLER;CD;Status Quo;Down Down;ROCK STARS (Collection);1;74;PopRock;
CD_SAMPLER;CD;Status Quo;Rockin' all over the World;LEGENDARY ROCK (Coll.);1;77;PopRock;
CD_SAMPLER;CD;Status Quo;Roll Over Lay Down;ROCK GROUPS (Collect.);1;75;PopRock;
CD_SAMPLER;CD;Status Quo;What You're Proposing;ROCK HEROES (Collect.);2;80;PopRock;
CD_SAMPLER;CD;Stelly, Kurt;Wo kommt den bloß die Liebe her;Cash / Gabriel;;64;Country;
CD_SAMPLER;CD;Steppenwolf;Born to be Wild;Biggest Hits Live USA;;;HardRock;
CD_SAMPLER;CD;Stevens, Ray;Misty;Country Gold;;;Country;
CD_SAMPLER;CD;Stewart, Douglas T.;Lines;Caroline Now!;;;Jazz;
CD_SAMPLER;CD;Stewart, Rod;Bring it on Home to Me;SOFT ROCK  (Collection);1;74;SoulRock;
CD_SAMPLER;CD;Stewart, Rod;Maggie May;ROCK STARS (Collection);1;71;SoulRock;
CD_SAMPLER;CD;Stewart, Rod;You Wear it Well;LEGENDARY ROCK (Coll.);2;72;SoulRock;
CD_SAMPLER;CD;Stonehill, Randy;Love And Mercy;Making God Smile;;2002;;
CD_SAMPLER;CD;Stranglers, The;Golden Brown;ROCK STARS (Collection);2;82;New Wave;
CD_SAMPLER;CD;Stranglers, The;No More Heroes;NIGHT ROCK (Collection);2;77;New Wave;
CD_SAMPLER;CD;Stranglers, The;Peaches;ROCK GROUPS (Collect.);1;77;New Wave;
CD_SAMPLER;CD;Students, The;I'm So Young;Magic Radio;;56;Doo Wop;
CD_SAMPLER;CD;Suburbans, The;Love Me;GEE Story;2;;R & B;
CD_SAMPLER;CD;Super Stocks, The;Muscle Beach Party;Brian Wilson 18;;;Surf;
CD_SAMPLER;CD;Super Stocks, The;My First Love;Brian Wilson 18;;;Surf;
CD_SAMPLER;CD;Super Stocks, The;Surfer's Holiday;Brian Wilson 18;;;Surf;
CD_SAMPLER;CD;Superimposers;Would it be Possible;Mojo;;;Surf;
CD_SAMPLER;CD;Supernaw, Doug;Long Tall Texan;Stars & Stripes;;;Surf;
CD_SAMPLER;CD;Supremes, The;Baby, Baby, Wo ist unsere Liebe;1000 Nadelstiche;;65;Motown;
CD_SAMPLER;CD;Surfaris, The;Be True to your School;Covered;;;Surf;
CD_SAMPLER;CD;Surfaris, The;Surfer Joe;Surfin' USA;;63;Surf;
CD_SAMPLER;CD;Surfaris, The;Wipe Out;Surfin' USA;;63;Surf;
CD_SAMPLER;CD;Survivors, The;After the Game;Pet Projects;;64;Surf;
CD_SAMPLER;CD;Survivors, The;Pamela Jean;Brian Wilson 17;;;Surf;
CD_SAMPLER;CD;Survivors, The;Pamela Jean;Pet Projects;;64;Surf;
CD_SAMPLER;CD;Swan, Billy;I can Help;Biggest Hits Live USA;;;Country;
CD_SAMPLER;CD;Sweet Honey in the Rock;Gray Goose;Folkways;;;Folk;
CD_SAMPLER;CD;Sweet Honey in the Rock;Sylvie;Folkways;;;Folk;
CD_SAMPLER;CD;Sweet Teens, The;With This Ring;GEE Story;2;;R & B;
CD_SAMPLER;CD;Swift, Basil & The Seegrams;Farmer's Daughter;Brian Wilson 18;;;Surf;
CD_SAMPLER;CD;Swinging Blue Jeans, The;Das ist Prima;1000 Nadelstiche;;64;Mersey;
CD_SAMPLER;CD;T, Rex;Hot Love;LEGENDARY ROCK (Coll.);1;71;ROCK;
CD_SAMPLER;CD;T. Rex;Get It On;ROCK STARS (Collection);1;71;ROCK;
CD_SAMPLER;CD;Taylor, Cecil  (Quartett);African Violets;Somethin' Jazz;;;Jazz;
CD_SAMPLER;CD;Taylor, Chip & Sands, Evie;Let's Put Our Hearts Together;Caroline Now!;;;Jazz;
CD_SAMPLER;CD;Taylor, James;Fire and Rain;SOFT ROCK  (Collection);2;70;ROCK;
CD_SAMPLER;CD;Taylor, James;Gaia;MOM 3;;;Folk;
CD_SAMPLER;CD;Taylor, Terry Scott;Vegetables;Making God Smile;;2002;;
CD_SAMPLER;CD;Tears for Fears;Everbody Wants To Rule The World;ROCK STARS (Collection);1;85;ROCK;
CD_SAMPLER;CD;Teenagers, The;Flip Flop;GEE Story;2;;R & B;
CD_SAMPLER;CD;Teenagers, The;Why Do Fools fall in Love;GEE Story;1;;R & B;
CD_SAMPLER;CD;Temptations, The;Mein Girl;1000 Nadelstiche;;64;Motown;
CD_SAMPLER;CD;Ten 10 CC;Art for Art's Sake;SOFT ROCK  (Collection);1;75;ROCK;
CD_SAMPLER;CD;Ten 10 CC;Donna;ROCK HEROES (Collect.);1;72;ROCK;
CD_SAMPLER;CD;Ten 10 CC;I'm Mandy Fly Me;ROCK GROUPS (Collect.);1;76;ROCK;
CD_SAMPLER;CD;Ten 10 CC;I'm Not in Love;NIGHT ROCK (Collection);2;75;ROCK;
CD_SAMPLER;CD;Ten 10 CC;Rubber Bullets;LEGENDARY ROCK (Coll.);1;73;ROCK;
CD_SAMPLER;CD;Ten 10 CC;Things we do for Love;ROCK STARS (Collection);2;76;ROCK;
CD_SAMPLER;CD;Thin Lizzy;Killer on the Loose;ROCK GROUPS (Collect.);2;80;ROCK;
CD_SAMPLER;CD;Thin Lizzy;Whiskey in the Jar;ROCK HEROES (Collect.);1;73;ROCK;
CD_SAMPLER;CD;Thomas, Peter (Sound Orchestra);Pet Sounds;Caroline Now!;;;Instr.;
CD_SAMPLER;CD;Thompson Twins, The;Hold Me Now;SOFT ROCK  (Collection);2;83;ROCK;
CD_SAMPLER;CD;Thompson, Hank;Soft Lips;Music Of My Life;4;49;Country;
CD_SAMPLER;CD;Thompson, Hank;What Are You Goona Do About The Moonlight?;Music Of My Life;3;49;Country;
CD_SAMPLER;CD;Thompson, Hank;Whoa Sailor;Music Of My Life;4;49;Country;
CD_SAMPLER;CD;Torme, Mel;Bewitches;Millennium;1;50;Swing;
CD_SAMPLER;CD;Torme, Mel;Bewitches;Pop Radio;;1950;Swing;
CD_SAMPLER;CD;Torme, Mel;Four Winds and the seven Seas, The;Music Of My Life;2;49;Swing;
CD_SAMPLER;CD;Thorogood,George & The Destroyers;Bad to the Bone;Southern Blues;2;;New-Blues;
CD_SAMPLER;CD;Three Dog Night;Joy To the World;ROCK HEROES (Collect.);2;71;ROCK;
CD_SAMPLER;CD;Tillotson, Johnny;Poetry in Motion;Burnt by Rock'n Roll;;;R&R;
CD_SAMPLER;CD;Timers, The;No–Go Showboat;Brian Wilson 17;;;Surf;
CD_SAMPLER;CD;Tjader, Cal & Getz, Stan;At Home;Bremen;;;Instr.;
CD_SAMPLER;CD;Todoran, David;I Do;Bremen;;;Jazz;
CD_SAMPLER;CD;Toto;Africa;ROCK GROUPS (Collect.);1;83;ROCK;
CD_SAMPLER;CD;Trade Winds, The;New York's A Lonely Town;Surfin' USA;;65;Surf;
CD_SAMPLER;CD;Tram;Now we can get on with our own Lives;Bremen;;;Slow;
CD_SAMPLER;CD;Trashmen, The;Surfin' Bird;Surfin' USA;;63;Surf;
CD_SAMPLER;CD;Travers, Pat;Cold Shot;Hats Off Stevie Ray;;;Bluesrock;
CD_SAMPLER;CD;Troccoli, Kathy;I Can Hear Music;Stars & Stripes;;;Surf;
CD_SAMPLER;CD;Tronco, Robbie;Night Train;Chart;;;;
CD_SAMPLER;CD;Trynin, Jennifer;Mournin' Glory Story;Nilsson;;;Rock;
CD_SAMPLER;CD;Tubb, Ernest;Daddy, When Is MommyComing Home?;Music Of My Life;1;49;Country;
CD_SAMPLER;CD;Tubb, Ernest;Mean Mama Blues;Music Of My Life;3;49;Country;
CD_SAMPLER;CD;Tubb, Ernest;My Filipino Rose;Music Of My Life;4;49;Country;
CD_SAMPLER;CD;Tubb, Ernest;My Tennessee Baby;Music Of My Life;4;49;Country;
CD_SAMPLER;CD;Tubb, Ernest;Slippin' Around;Music Of My Life;3;49;Country;
CD_SAMPLER;CD;Tubb, Ernest;Till the End of the World;Music Of My Life;1;49;Country;
CD_SAMPLER;CD;Tubb, Ernest & Andrews Sisters;Don't Rob Another Man's;Music Of My Life;2;49;Country;
CD_SAMPLER;CD;Tubb, Ernest & Andrews Sisters;I'm Biting My Fingernails;Music Of My Life;2;49;Country;
CD_SAMPLER;CD;Turner, Joe;Nothin' From Nothin' Blues;25 Blues 'N' Soul;;;Blues;
CD_SAMPLER;CD;Tyler, Bonnie;Holding Out For A Hero;ROCK HEROES (Collect.);1;85;ROCK;
CD_SAMPLER;CD;Tyler, Bonnie;It's A Heartache;SOFT ROCK  (Collection);1;77;ROCK;
CD_SAMPLER;CD;Tyler, Bonnie;Total Eclipse of the Heart;NIGHT ROCK (Collection);1;83;ROCK;
CD_SAMPLER;CD;U2;Jesus Christ;Folkways;;;Folk;
CD_SAMPLER;CD;Usher, Gary;Just the Way I Feel;Brian Wilson 18;;;Surf;
CD_SAMPLER;CD;Usher, Gary;Sacramento;Brian Wilson 18;;;Surf;
CD_SAMPLER;CD;Usher, Gary;Sacramento;Pet Projects;;64;Surf;
CD_SAMPLER;CD;Usher, Gary;That's the Way I Feel;Pet Projects;;64;Surf;
CD_SAMPLER;CD;Valtones, The;Have you ever Met an Angel?;GEE Story;1;;R & B;
CD_SAMPLER;CD;Van Shelton, Ricky;Fun, Fun, Fun;Stars & Stripes;;;Surf;
CD_SAMPLER;CD;Variations, The;Man With All The Toys, The;Dumb;;;Surf;
CD_SAMPLER;CD;Various & Burke;Don't Give Up On Me;SOLOMON BURKE;;;Soul;
CD_SAMPLER;CD;Various Artists;Blues For Stevie;Hats Off Stevie Ray;;;Bluesrock;
CD_SAMPLER;CD;Vaughan, Jimmie;Dengue Woman Blues;Southern Blues;2;;New-Blues;
CD_SAMPLER;CD;Vaughan, Stevie Ray & Double Trouble;Sky Is Crying, The;Southern Blues;2;;New-Blues;
CD_SAMPLER;CD;Vee, Bobby;Rubber Ball;Burnt by Rock'n Roll;;;R&R;
CD_SAMPLER;CD;Ventures, The;Hawaii 5-0;Surfing America;;;Surf;
CD_SAMPLER;CD;Ventures, The;Hawaii Five-0;Surfin' USA;;69?;Surf;
CD_SAMPLER;CD;Ventures, The;Walk Don't Run;Surfing America;;;Surf;
CD_SAMPLER;CD;Verne, Larry;Mr. Custer;Burnt by Rock'n Roll;;;R&R;
CD_SAMPLER;CD;Waite, John;Missing You;NIGHT ROCK (Collection);2;84;ROCK;
CD_SAMPLER;CD;Waits, Tom & Burke;Diamond in your Mind;SOLOMON BURKE;;;Soul;
CD_SAMPLER;CD;Wamble, Doug;Sweet Magnolia Tree;Somethin' Jazz;;;Jazz;
CD_SAMPLER;CD;Washington, Dinah;Baby Get Lost;Music Of My Life;1;49;R&B;
CD_SAMPLER;CD;Wassermann, Rob;Country;Wassermann (Trios);;;Instr.;
CD_SAMPLER;CD;Wassermann, Rob;Satisfaction;Wassermann (Trios);;;Instr.;
CD_SAMPLER;CD;Wassermann, Rob;Spike's Bulls;Wassermann (Trios);;;Instr.;
CD_SAMPLER;CD;Waters, Muddy;Close to You;25 Blues 'N' Soul;;;Blues;
CD_SAMPLER;CD;Waters, Muddy;Iodine in my Coffee;25 Blues 'N' Soul;;;Blues;
CD_SAMPLER;CD;Waters, Muddy;Mannish Boy;Southern Blues;1;;Club Sound;
CD_SAMPLER;CD;Waters, Muddy;She Moves Me;25 Blues 'N' Soul;;;Blues;
CD_SAMPLER;CD;Waters, Muddy;Stuff You Gotta Watch, The;25 Blues 'N' Soul;;;Blues;
CD_SAMPLER;CD;Webb, Jimmy;Lifeline;Nilsson;;;Rock;
CD_SAMPLER;CD;Weir, Bob / Young, Neil & Was;Easy Answers;Wassermann (Trios);;;Rock;
CD_SAMPLER;CD;Wells, Junior;Little Red Rooster;Southern Blues;1;;Club Sound;
CD_SAMPLER;CD;West, Leslie;Look at Little Sister;Hats Off Stevie Ray;;;Bluesrock;
CD_SAMPLER;CD;Weston, Tim & Flint, Shelby;Warmth Of The Sun, The;Jazz Portrait;;;Jazz;
CD_SAMPLER;CD;White, Josh;Friedless City Blues;Southern Blues;1;;Club Sound;
CD_SAMPLER;CD;Whiting, Margaret & Mercer, Johnny;Baby It's Cold Outside;Music Of My Life;2;49;Pop;
CD_SAMPLER;CD;Whitley, Chris & Was;Home is Where you get Across;Wassermann (Trios);;;Blues;
CD_SAMPLER;CD;Whitman, Slim;Indian Love Call;Millennium;1;52;;
CD_SAMPLER;CD;Whitman, Slim;Rose Marie;Millennium;2;54;;
CD_SAMPLER;CD;Who, The;Barbara Ann;Mojo;;95;Surf;
CD_SAMPLER;CD;Wilde, Kim;Kids in America;ROCK HEROES (Collect.);2;81;ROCK;
CD_SAMPLER;CD;Williams, Andy;God Only Knows;Covered;;;Surf;
CD_SAMPLER;CD;Williams, Brooks;Pet Sounds;Making God Smile;;2002;;
CD_SAMPLER;CD;Williams, Hank;Lost Highway;Music Of My Life;4;49;Country;
CD_SAMPLER;CD;Williams, Hank;Mansion On The Hill;Music Of My Life;3;49;Country;
CD_SAMPLER;CD;Williams, Hank;Mind Your Own Business;Music Of My Life;1;49;Country;
CD_SAMPLER;CD;Williams, Hank;My Bucket's Got A Hole In It;Music Of My Life;4;49;Country;
CD_SAMPLER;CD;Williams, Hank;Never Again Will I Knock On Your Door;Music Of My Life;3;49;Country;
CD_SAMPLER;CD;Williams, Hank;Wedding Bells;Music Of My Life;2;49;Country;
CD_SAMPLER;CD;Williams, Hank;You're Gonna Change Or I'm Gonna Leave;Music Of My Life;4;49;Country;
CD_SAMPLER;CD;Williams, Jane Kelly;Lay Down Burdon;Making God Smile;;2002;;
CD_SAMPLER;CD;Williams, Paul;Hucklebuck, The;Music Of My Life;1;49;Instr.;
CD_SAMPLER;CD;Williams, Victoria;Puppy Song, The;Nilsson;;;Rock;
CD_SAMPLER;CD;Wills, Jerry Lee;Rag Mop;Music Of My Life;3;49;Country;
CD_SAMPLER;CD;Wilson, Brian;After the Game;Brian Wilson 17;;;Instr.;
CD_SAMPLER;CD;Wilson, Brian;Bobby Left Me;Brian Wilson 17;;;Track;
CD_SAMPLER;CD;Wilson, Brian;Endless Sleep;Brian Wilson 17;;;track;
CD_SAMPLER;CD;Wilson, Brian;Go Away Boy;Brian Wilson 17;;;Instr.;
CD_SAMPLER;CD;Wilson, Brian;Goodnight Irene;Folkways;;;Folk;
CD_SAMPLER;CD;Wilson, Brian;Guess I'm Dumb;Brian Wilson 18;;;track;
CD_SAMPLER;CD;Wilson, Brian;He's A Doll;Brian Wilson 18;;;track;
CD_SAMPLER;CD;Wilson, Brian;One you can't Have;Brian Wilson 17;;;Track;
CD_SAMPLER;CD;Wilson, Brian;Pamela Jean;Brian Wilson 17;;;track;
CD_SAMPLER;CD;Wilson, Brian;Run-Around Lover;Brian Wilson 17;;;Track;
CD_SAMPLER;CD;Wilson, Brian;Sacramento;Brian Wilson 18;;;track;
CD_SAMPLER;CD;Wilson, Brian;This Could be the Night;Nilsson;;;Rock;
CD_SAMPLER;CD;Wilson, Brian / Paley, Andy & Burke;Soul Searchin';SOLOMON BURKE;;;Soul;
CD_SAMPLER;CD;Wilson, Carnie & Brian & Was.;Fantasy Is Reality / Bells of Madness;Wassermann (Trios);;;Blues;
CD_SAMPLER;CD;Winter, Edgar;Tobacco Road;Southern Blues;2;;New-Blues;
CD_SAMPLER;CD;Winter, Johnny;Stranger;Southern Blues;2;;New-Blues;
CD_SAMPLER;CD;Wirtz, Mark;I Can Hear Music;Dumb;;;Surf;
CD_SAMPLER;CD;Wirtz, Mark Orchestra;I Can Hear Music;Mojo;;69;Surf;
CD_SAMPLER;CD;Witherspoon, Jimmy;Ain't Nobody's Business;Music Of My Life;4;49;R&B;
CD_SAMPLER;CD;Witt / Heppner;Flut, Die;Chart;;;New Wave;
CD_SAMPLER;CD;Wolf, Donald;Lass deinen Colt zu Haus, Bill;Cash / Gabriel;;62;Country;
CD_SAMPLER;CD;Wolf, Howlin';Ain't Superstitious;25 Blues 'N' Soul;;;Blues;
CD_SAMPLER;CD;Wolf, Howlin';Goin' Down Slow;25 Blues 'N' Soul;;;Blues;
CD_SAMPLER;CD;Wolf, Howlin';Streamline;25 Blues 'N' Soul;;;Blues;
CD_SAMPLER;CD;Wolf, Peter & The Houseparty 5;You're Breakin' My Heart;Nilsson;;;Rock;
CD_SAMPLER;CD;Wright, Jimmy & His Orchestra;Lily Maebelle Mambo;GEE Story;1;;R & B;
CD_SAMPLER;CD;Yellowjackets, The;God Only Knows;Jazz Portrait;;;Instr.;
CD_SAMPLER;CD;Yelvington, Malcolm;Rockin' With My Baby;SUN Story;;56;R&R;
CD_SAMPLER;CD;Zorn, John;Tevel;Hitze;;;Blues;
CD_SAMPLER;CD;Allen, Deborah;I Will Always Love You;First Ladies Of Country;;;Country;
CD_SAMPLER;CD;Anderson, Lynn;Rose Garden;First Ladies Of Country;;;Country;
CD_SAMPLER;CD;Anderson, Lynn;Stand By Your Man;First Ladies Of Country;;;Country;
CD_SAMPLER;CD;Cline, Patsy;Three Cigarettes In A Ashtray;First Ladies Of Country;;;Country;
CD_SAMPLER;CD;Cline, Patsy;Walkin' After Midnight;First Ladies Of Country;;;Country;
CD_SAMPLER;CD;Davis, Skeeter;End Of The World, The;First Ladies Of Country;;;Country;
CD_SAMPLER;CD;Dunn, Holly;Daddy's Hands;First Ladies Of Country;;;Country;
CD_SAMPLER;CD;Fairchild, Barbara;Cheatin' Is;First Ladies Of Country;;;Country;
CD_SAMPLER;CD;Fargo, Donna;Wishful Thinking;First Ladies Of Country;;;Country;
CD_SAMPLER;CD;Kendalls, The;Heaven's Just A Sin Away;First Ladies Of Country;;;Country;
CD_SAMPLER;CD;Lee, Brenda;Silver Threads And Golden Needles;First Ladies Of Country;;;CountryRock;
CD_SAMPLER;CD;Lynn, Loretta;Coal Miner's Daughter;First Ladies Of Country;;;Country;
CD_SAMPLER;CD;Lynn, Loretta;Crazy;First Ladies Of Country;;;Country;Live
CD_SAMPLER;CD;Murray, Anne;Both Sides Now;First Ladies Of Country;;;Country;
CD_SAMPLER;CD;Page, Patti;Tennessee Waltz;First Ladies Of Country;;;Country;
CD_SAMPLER;CD;Parton, Dolly;It wasn't God Who Made Honky Tonk Angel;First Ladies Of Country;;;Country;
CD_SAMPLER;CD;Parton, Dolly;Release Me;First Ladies Of Country;;;Country;
CD_SAMPLER;CD;Remington, Rita;Angel of the Morning;First Ladies Of Country;;;Country;
CD_SAMPLER;CD;Remington, Rita;Would You Lay With Me ?;First Ladies Of Country;;;Country;
CD_SAMPLER;CD;Riley, Jeannie C.;Harper Valley P.T.A.;First Ladies Of Country;;;Country;
CD_SAMPLER;CD;Riley, Jeannie C.;Okie From Muskogee;First Ladies Of Country;;;Country;
CD_SAMPLER;CD;Smith, Sammi;Send Me The Pillow That You Dream On;First Ladies Of Country;;;Country;
CD_SAMPLER;CD;Spears, Billie Jo;Cheatin' Kind, The;First Ladies Of Country;;;Country;
CD_SAMPLER;CD;Spears, Billie Jo;Ease The Want In Me;First Ladies Of Country;;;Country;
CD_SAMPLER;CD;Wells, Kitty;Honky Tonk Walk;First Ladies Of Country;;;Country;
CD_SAMPLER;CD;Apple, Fiona;Extraordinary Machine;Lost & Rare Tracks;;2002;;
CD_SAMPLER;CD;Baier, Sibylle;Tonight;Lost & Rare Tracks;;72;Songwriter;
CD_SAMPLER;CD;Converse, Connie;Empty Pocket Waltz;Lost & Rare Tracks;;54;Songwriter;
CD_SAMPLER;CD;Davis, Miles;Paraphernalia;Lost & Rare Tracks;;70;Psych. Jazz;
CD_SAMPLER;CD;Fay, Bill  (Group);Strange Stairway;Lost & Rare Tracks;;78;Psych. Pop;
CD_SAMPLER;CD;Go-Betweens, The;Sound Of Rain, The;Lost & Rare Tracks;;78;FolkRock;
CD_SAMPLER;CD;Neu!;Crazy;Lost & Rare Tracks;;85;Kraut;
CD_SAMPLER;CD;Phillips, John;Jack Of Diamonds;Lost & Rare Tracks;;73;Boogie-Rock;
CD_SAMPLER;CD;Smith, Elliott;A Fond Farewell;Lost & Rare Tracks;;2002;IndieRock;
CD_SAMPLER;CD;Wyatt, Robert;Rivmic Melodies;Lost & Rare Tracks;;68;ProgressRock;
CD_SAMPLER;CD;Beach Boys, The;Don't Worry Baby;Doppelt & Mehrfach;;;SurfBeat;
CD_SAMPLER;CD;Beach Boys, The;I Can Hear Music;Doppelt & Mehrfach;;;SurfBeat;
CD_SAMPLER;CD;Byrds, The;Goin' Back;Doppelt & Mehrfach;;;FolkRock;
CD_SAMPLER;CD;Cash / Jennings;I'm Movin' On;Doppelt & Mehrfach;;;Country;
CD_SAMPLER;CD;Cream;Tales Of Brave Ulysses;Doppelt & Mehrfach;;;Supergroup;
CD_SAMPLER;CD;Dead Kennedys;Viva Las Vegas;Doppelt & Mehrfach;;;Punk;
CD_SAMPLER;CD;Hardin, Tim;Black Sheep Boy;Doppelt & Mehrfach;;;;
CD_SAMPLER;CD;Hollies, The;Bus Stop;Doppelt & Mehrfach;;;Beat;
CD_SAMPLER;CD;Ivy League;Don't Worry Baby;Doppelt & Mehrfach;;;Beat;
CD_SAMPLER;CD;Lurex, Larry;Goin' Back;Doppelt & Mehrfach;;;Folk;
CD_SAMPLER;CD;Lurex, Larry;I Can Hear Music;Doppelt & Mehrfach;;;Folk;
CD_SAMPLER;CD;Move, The;Goin' Back;Doppelt & Mehrfach;;;RockBeat;
CD_SAMPLER;CD;Outskirts Of Infinity;Tales Of Brave Ulysses;Doppelt & Mehrfach;;;Rock;
CD_SAMPLER;CD;Presley, Elvis;Viva Las Vegas;Doppelt & Mehrfach;;;King of  R n' R;
CD_SAMPLER;CD;Proby, P.J.;Don't Worry Baby;Doppelt & Mehrfach;;;PopBeat;
CD_SAMPLER;CD;Revelry;One Morning In May;Doppelt & Mehrfach;;;Folk;
CD_SAMPLER;CD;Rolling Stones, The;I'm Movin' On;Doppelt & Mehrfach;;;BluesRock;
CD_SAMPLER;CD;Scumbucket;Bus Stop;Doppelt & Mehrfach;;;RockBeat;
CD_SAMPLER;CD;Snow, Hank;I'm Movin' On;Doppelt & Mehrfach;;;Country;
CD_SAMPLER;CD;Springfield, Dusty;Goin' Back;Doppelt & Mehrfach;;;Soul;
CD_SAMPLER;CD;Taste;I'm Movin' On;Doppelt & Mehrfach;;;BluesRock;
CD_SAMPLER;CD;Taylor, James;One Morning In May;Doppelt & Mehrfach;;;Folk;
CD_SAMPLER;CD;Walker, Scott;Black Sheep Boy;Doppelt & Mehrfach;;;;
CD_SAMPLER;CD;Wilson, Brian;Don't Worry Baby;Doppelt & Mehrfach;;;Genius;
CD_SAMPLER;CD;Teddy "Zig Zag";Friends In Low Places;Garth Brooks (Tribute);;1999;Country;
CD_SAMPLER;CD;Jardine, Al & Matt;Papa Loved Mama;Garth Brooks (Tribute);;1999;Country;
CD_SAMPLER;CD;Pedersen, Herb;She's Every Woman;Garth Brooks (Tribute);;1999;Country;
CD_SAMPLER;CD;Mcauley, Robin;That Summer;Garth Brooks (Tribute);;1999;Country;
CD_SAMPLER;CD;Scheff, Jason;Fever, The;Garth Brooks (Tribute);;1999;Country;
CD_SAMPLER;CD;Kimball, Bobby;Dance, The;Garth Brooks (Tribute);;1999;Country;
CD_SAMPLER;CD;Amato, Dave;Shameless;Garth Brooks (Tribute);;1999;Country;
CD_SAMPLER;CD;Marvel, Half Penny;To Make You Fell My Love;Garth Brooks (Tribute);;1999;Country;
CD_SAMPLER;CD;Laine, Denny;Thunder Rolls, The;Garth Brooks (Tribute);;1999;Country;
CD_SAMPLER;CD;Guiliano, T. & Elliot, M.;River, The;Garth Brooks (Tribute);;1999;Country;
CD_SAMPLER;CD;Griffin, Gary;Mr. Blue;Garth Brooks (Tribute);;1999;Country;
CD_SAMPLER;CD;Davis, Sp. & Appice, C.;Standing Outside The Fire;Garth Brooks (Tribute);;1999;Country;
